1-103rd Street,1-96th Street,2327.416174
1-116th Street Columbia University,1-Cathedral Parkway 110th Street,2327.416174
1-125th Street,1-116th Street Columbia University,2327.416174
1-137th Street City College,1-125th Street,2327.416174
1-145th Street,1-137th Street City College,2327.416174
1-14th Street,1-Christopher Street Sheridan Square,2327.416174
1-14th Street,2-14th Street,120000
1-14th Street,3-14th Street,120000
1-14th Street,F-14th Street,120000
1-14th Street,L-Sixth Avenue,120000
1-14th Street,M-14th Street,120000
1-157th Street,1-145th Street,2327.416174
1-168th Street,1-157th Street,2327.416174
1-168th Street,B-lower level,120000
1-168th Street,D-lower level,120000
1-181st Street,1-168th Street,2327.416174
1-18th Street,1-14th Street,2327.416174
1-191st Street,1-181st Street,2327.416174
1-207th Street,1-Dyckman Street,2327.416174
1-215th Street,1-207th Street,2327.416174
1-231st Street,1-Marble Hill 225th Street,2327.416174
1-238th Street,1-231st Street,2327.416174
1-23rd Street,1-18th Street,2327.416174
1-28th Street,1-23rd Street,2327.416174
1-34th Street Penn Station,1-28th Street,2327.416174
1-50th Street,1-Times Square 42nd Street,2327.416174
1-59th Street Columbus Circle,1-50th Street,2327.416174
1-59th Street Columbus Circle,2-59th Street Columbus Circle,120000
1-66th Street Lincoln Center,1-59th Street Columbus Circle,2327.416174
1-72nd Street,1-66th Street Lincoln Center,2327.416174
1-79th Street,1-72nd Street,2327.416174
1-86th Street,1-79th Street,2327.416174
1-96th Street,1-86th Street,2327.416174
1-Canal Street,1-Franklin Street,2327.416174
1-Cathedral Parkway 110th Street,1-103rd Street,2327.416174
1-Chambers Street,1-Cortlandt Street,2327.416174
1-Christopher Street Sheridan Square,1-Houston Street,2327.416174
1-Cortlandt Street,1-Rector Street,2327.416174
1-Dyckman Street,1-191st Street,2327.416174
1-Franklin Street,1-Chambers Street,2327.416174
1-Houston Street,1-Canal Street,2327.416174
1-Marble Hill 225th Street,1-215th Street,2327.416174
1-Rector Street,1-South Ferry,2327.416174
1-South Ferry,1-South Ferry,2327.416174
1-South Ferry,N-Whitehall Street South Ferry,120000
1-South Ferry,R-Whitehall Street South Ferry,120000
1-South Ferry,W-Whitehall Street South Ferry,120000
1-Times Square 42nd Street,1-34th Street Penn Station,2327.416174
1-Times Square 42nd Street,2-Times Square 42nd Street,120000
1-Times Square 42nd Street,3-Times Square 42nd Street,120000
1-Times Square 42nd Street,7-Times Square,120000
1-Times Square 42nd Street,A-42nd Street Port Authority Bus Terminal,120000
1-Times Square 42nd Street,C-42nd Street Port Authority Bus Terminal,120000
1-Times Square 42nd Street,E-42nd Street Port Authority Bus Terminal,120000
1-Times Square 42nd Street,N-Times Square 42nd Street,120000
1-Times Square 42nd Street,Q-Times Square 42nd Street,120000
1-Times Square 42nd Street,R-Times Square 42nd Street,120000
1-Times Square 42nd Street,W-Times Square 42nd Street,120000
1-Van Cortlandt Park 242nd Street,1-238th Street,2327.416174
2-116th Street,2-Central Park North 110th Street,1142.63043
2-125th Street,2-116th Street,1142.63043
2-135th Street,2-125th Street,1142.63043
2-149th Street Grand Concourse,2-135th Street,1142.63043
2-149th Street Grand Concourse,5-149th Street Grand Concourse,120000
2-149th Street Grand Concourse,B-161st Street Yankee Stadium,120000
2-149th Street Grand Concourse,D-161st Street Yankee Stadium,120000
2-14th Street,1-14th Street,120000
2-14th Street,2-Christopher Street Sheridan Square,1142.63043
2-14th Street,3-14th Street,120000
2-14th Street,F-14th Street,120000
2-14th Street,L-Sixth Avenue,120000
2-14th Street,M-14th Street,120000
2-174th Street,2-Freeman Street,1142.63043
2-18th Street,2-14th Street,1142.63043
2-219th Street,2-Gun Hill Road,1142.63043
2-225th Street,2-219th Street,1142.63043
2-233rd Street,2-225th Street,1142.63043
2-23rd Street,2-18th Street,1142.63043
2-28th Street,2-23rd Street,1142.63043
2-34th Street–Penn Station,2-28th Street,1142.63043
2-50th Street,2-Times Square 42nd Street,1142.63043
2-59th Street Columbus Circle,1-59th Street Columbus Circle,120000
2-59th Street Columbus Circle,2-50th Street,1142.63043
2-66th Street Lincoln Center,2-59th Street Columbus Circle,1142.63043
2-72nd Street,2-66th Street Lincoln Center,1142.63043
2-79th Street,2-72nd Street,1142.63043
2-86th Street,2-79th Street,1142.63043
2-96th Street,2-86th Street,1142.63043
2-Allerton Avenue,2-Pelham Parkway,1142.63043
2-Atlantic Avenue Barclays Center,2-Bergen Street,1142.63043
2-Atlantic Avenue Barclays Center,3-Atlantic Avenue Barclays Center,120000
2-Atlantic Avenue Barclays Center,4-Atlantic Avenue Barclays Center,120000
2-Atlantic Avenue Barclays Center,5-Atlantic Avenue Barclays Center,120000
2-Atlantic Avenue Barclays Center,D-Atlantic Avenue Barclays Center,120000
2-Atlantic Avenue Barclays Center,L-Broadway Junction,120000
2-Atlantic Avenue Barclays Center,N-Atlantic Avenue Barclays Center,120000
2-Atlantic Avenue Barclays Center,R-Atlantic Avenue Barclays Center,120000
2-Bergen Street,2-Grand Army Plaza,1142.63043
2-Beverly Road,2-Newkirk Avenue,1142.63043
2-Borough Hall,2-Hoyt Street,1142.63043
2-Borough Hall,3-Borough Hall,120000
2-Borough Hall,4-Borough Hall,120000
2-Borough Hall,5-Borough Hall,120000
2-Borough Hall,N-Court Street,120000
2-Borough Hall,R-Court Street,120000
2-Bronx Park East,2-East 180th Street,1142.63043
2-Burke Avenue,2-Allerton Avenue,1142.63043
2-Canal Street,2-Franklin Street,1142.63043
2-Central Park North 110th Street,2-96th Street,1142.63043
2-Chambers Street,2-Park Place,1142.63043
2-Christopher Street Sheridan Square,2-Houston Street,1142.63043
2-Church Avenue,2-Beverly Road,1142.63043
2-Clark Street,2-Borough Hall,1142.63043
2-Crown Heights Utica Avenue,2-Sutter Avenue Rutland Road,1142.63043
2-East 180th Street,2-West Farms Square East Tremont Avenue,1142.63043
2-Eastern Parkway Brooklyn Museum,2-Franklin Avenue,1142.63043
2-Flatbush Avenue Brooklyn College,2-Nostrand Avenue,1142.63043
2-Franklin Avenue,2-President Street,1142.63043
2-Franklin Avenue,3-Franklin Avenue,120000
2-Franklin Avenue,4-Franklin Avenue,120000
2-Franklin Avenue,5-Franklin Avenue,120000
2-Franklin Street,2-Chambers Street,1142.63043
2-Freeman Street,2-Simpson Street,1142.63043
2-Fulton Street,2-Wall Street,1142.63043
2-Fulton Street,3-Fulton Street,120000
2-Fulton Street,4-Fulton Street,120000
2-Fulton Street,5-Fulton Street,120000
2-Fulton Street,A-Fulton Street,120000
2-Fulton Street,C-Fulton Street,120000
2-Fulton Street,Z-Fulton Street,120000
2-Grand Army Plaza,2-Eastern Parkway Brooklyn Museum,1142.63043
2-Gun Hill Road,2-Burke Avenue,1142.63043
2-Houston Street,2-Canal Street,1142.63043
2-Hoyt Street,2-Nevins Street,1142.63043
2-Intervale Avenue,2-Prospect Avenue,1142.63043
2-Jackson Avenue,2-Third Avenue 149th Street,1142.63043
2-Junius Street,2-Pennsylvania Avenue,1142.63043
2-Kingston Avenue,2-Crown Heights Utica Avenue,1142.63043
2-Nereid Avenue,2-233rd Street,1142.63043
2-Nevins Street,2-Atlantic Avenue Barclays Center,1142.63043
2-Newkirk Avenue,2-Flatbush Avenue Brooklyn College,1142.63043
2-Nostrand Avenue,2-Kingston Avenue,1142.63043
2-Park Place,2-Fulton Street,1142.63043
2-Park Place,3-Park Place,120000
2-Park Place,A-Chambers Street,120000
2-Park Place,C-Chambers Street,120000
2-Park Place,E-World Trade Center,120000
2-Pelham Parkway,2-Bronx Park East,1142.63043
2-Pennsylvania Avenue,2-Van Siclen Avenue,1142.63043
2-President Street,2-Sterling Street,1142.63043
2-Prospect Avenue,2-Jackson Avenue,1142.63043
2-Rockaway Avenue,2-Junius Street,1142.63043
2-Saratoga Avenue,2-Rockaway Avenue,1142.63043
2-Simpson Street,2-Intervale Avenue,1142.63043
2-Sterling Street,2-Winthrop Street,1142.63043
2-Sutter Avenue Rutland Road,2-Saratoga Avenue,1142.63043
2-Third Avenue 149th Street,2-149th Street–Grand Concourse,1142.63043
2-Times Square 42nd Street,1-Times Square 42nd Street,120000
2-Times Square 42nd Street,2-34th Street Penn Station,1142.63043
2-Times Square 42nd Street,3-Times Square 42nd Street,120000
2-Times Square 42nd Street,7-Times Square,120000
2-Times Square 42nd Street,A-42nd Street Port Authority Bus Terminal,120000
2-Times Square 42nd Street,C-42nd Street Port Authority Bus Terminal,120000
2-Times Square 42nd Street,E-42nd Street Port Authority Bus Terminal,120000
2-Times Square 42nd Street,N-Times Square 42nd Street,120000
2-Times Square 42nd Street,Q-Times Square 42nd Street,120000
2-Times Square 42nd Street,R-Times Square 42nd Street,120000
2-Times Square 42nd Street,W-Times Square 42nd Street,120000
2-Van Siclen Avenue,2-New Lots Avenue,1142.63043
2-Wakefield–241st Street,2-Nereid Avenue,1142.63043
2-Wall Street,2-Clark Street,1142.63043
2-West Farms Square–East Tremont Avenue,2-174th Street,1142.63043
2-Winthrop Street,2-Church Avenue,1142.63043
3-116th Street,3-Central Park North 110th Street,3321.799308
3-125th Street,3-116th Street,3321.799308
3-135th Street,3-125th Street,3321.799308
3-145th Street,3-135th Street,3321.799308
3-14th Street,1-14th Street,120000
3-14th Street,2-14th Street,120000
3-14th Street,3-Chambers Street,3321.799308
3-14th Street,F-14th Street,120000
3-14th Street,L-Sixth Avenue,120000
3-14th Street,M-14th Street,120000
3-34th Street Penn Station,3-14th Street,3321.799308
3-72nd Street,3-Times Square 42nd Street,3321.799308
3-96th Street,3-72nd Street,3321.799308
3-Atlantic Avenue Barclays Center,2-Atlantic Avenue Barclays Center,120000
3-Atlantic Avenue Barclays Center,3-Bergen Street,3321.799308
3-Atlantic Avenue Barclays Center,4-Atlantic Avenue Barclays Center,120000
3-Atlantic Avenue Barclays Center,5-Atlantic Avenue Barclays Center,120000
3-Atlantic Avenue Barclays Center,D-Atlantic Avenue Barclays Center,120000
3-Atlantic Avenue Barclays Center,L-Broadway Junction,120000
3-Atlantic Avenue Barclays Center,N-Atlantic Avenue Barclays Center,120000
3-Atlantic Avenue Barclays Center,R-Atlantic Avenue Barclays Center,120000
3-Bergen Street,3-Grand Army Plaza,3321.799308
3-Borough Hall,2-Borough Hall,120000
3-Borough Hall,3-Hoyt Street,3321.799308
3-Borough Hall,4-Borough Hall,120000
3-Borough Hall,5-Borough Hall,120000
3-Borough Hall,N-Court Street,120000
3-Borough Hall,R-Court Street,120000
3-Central Park North 110th Street,3-96th Street,3321.799308
3-Chambers Street,3-Park Place,3321.799308
3-Clark Street,3-Borough Hall,3321.799308
3-Crown Heights Utica Avenue,3-Sutter Avenue Rutland Road,3321.799308
3-Eastern Parkway Brooklyn Museum,3-Franklin Avenue,3321.799308
3-Franklin Avenue,2-Franklin Avenue,120000
3-Franklin Avenue,3-Nostrand Avenue,3321.799308
3-Franklin Avenue,4-Franklin Avenue,120000
3-Franklin Avenue,5-Franklin Avenue,120000
3-Fulton Street,2-Fulton Street,120000
3-Fulton Street,3-Wall Street,3321.799308
3-Fulton Street,4-Fulton Street,120000
3-Fulton Street,5-Fulton Street,120000
3-Fulton Street,A-Fulton Street,120000
3-Fulton Street,C-Fulton Street,120000
3-Fulton Street,Z-Fulton Street,120000
3-Grand Army Plaza,3-Eastern Parkway Brooklyn Museum,3321.799308
3-Harlem 148th Street,3-145th Street,3321.799308
3-Hoyt Street,3-Nevins Street,3321.799308
3-Junius Street,3-Pennsylvania Avenue,3321.799308
3-Kingston Avenue,3-Crown Heights Utica Avenue,3321.799308
3-Nevins Street,3-Atlantic Avenue Barclays Center,3321.799308
3-Nostrand Avenue,3-Kingston Avenue,3321.799308
3-Park Place,2-Park Place,120000
3-Park Place,3-Fulton Street,3321.799308
3-Park Place,A-Chambers Street,120000
3-Park Place,C-Chambers Street,120000
3-Park Place,E-World Trade Center,120000
3-Pennsylvania Avenue,3-Van Siclen Avenue,3321.799308
3-Rockaway Avenue,3-Junius Street,3321.799308
3-Saratoga Avenue,3-Rockaway Avenue,3321.799308
3-Sutter Avenue Rutland Road,3-Saratoga Avenue,3321.799308
3-Times Square 42nd Street,1-Times Square 42nd Street,120000
3-Times Square 42nd Street,2-Times Square 42nd Street,120000
3-Times Square 42nd Street,3-34th Street Penn Station,3321.799308
3-Times Square 42nd Street,7-Times Square,120000
3-Times Square 42nd Street,A-42nd Street Port Authority Bus Terminal,120000
3-Times Square 42nd Street,C-42nd Street Port Authority Bus Terminal,120000
3-Times Square 42nd Street,E-42nd Street Port Authority Bus Terminal,120000
3-Times Square 42nd Street,N-Times Square 42nd Street,120000
3-Times Square 42nd Street,Q-Times Square 42nd Street,120000
3-Times Square 42nd Street,R-Times Square 42nd Street,120000
3-Times Square 42nd Street,W-Times Square 42nd Street,120000
3-Van Siclen Avenue,3-New Lots Avenue,3321.799308
3-Wall Street,3-Clark Street,3321.799308
4-103rd Street,4-96th Street,1928.474423
4-110th Street,4-103rd Street,1928.474423
4-116th Street,4-110th Street,1928.474423
4-125th Street,4-116th Street,1928.474423
4-138th Street Grand Concourse,4-125th Street,1928.474423
4-149th Street Grand Concourse,4-138th Street Grand Concourse,1928.474423
4-14th Street Union Square,4-Astor Place,1928.474423
4-14th Street Union Square,5-14th Street Union Square,120000
4-14th Street Union Square,6-14th Street Union Square,120000
4-14th Street Union Square,L-Union Square,120000
4-14th Street Union Square,N-14th Street Union Square,120000
4-14th Street Union Square,Q-14th Street Union Square,120000
4-14th Street Union Square,R-14th Street Union Square,120000
4-14th Street Union Square,W-14th Street Union Square,120000
4-161st Street Yankee Stadium,4-149th Street Grand Concourse,1928.474423
4-167th Street,4-161st Street Yankee Stadium,1928.474423
4-170th Street,4-167th Street,1928.474423
4-176th Street,4-Mount Eden Avenue,1928.474423
4-183rd Street,4-Burnside Avenue,1928.474423
4-23rd Street,4-14th Street Union Square,1928.474423
4-28th Street,4-23rd Street,1928.474423
4-33rd Street,4-28th Street,1928.474423
4-51st Street,4-Grand Central 42nd Street,1928.474423
4-51st Street,6-51st Street,120000
4-51st Street,E-Lexington Avenue 53rd Street,120000
4-51st Street,M-Lexington Avenue 53rd Street,120000
4-59th Street,4-51st Street,1928.474423
4-59th Street,5-59th Street,120000
4-59th Street,6-59th Street,120000
4-59th Street,A-59th Street Columbus Circle,120000
4-59th Street,B-59th Street Columbus Circle,120000
4-59th Street,C-59th Street Columbus Circle,120000
4-59th Street,D-59th Street Columbus Circle,120000
4-68th Street Hunter College,4-59th Street,1928.474423
4-77th Street,4-68th Street Hunter College,1928.474423
4-86th Street,4-77th Street,1928.474423
4-96th Street,4-86th Street,1928.474423
4-Astor Place,4-Bleecker Street,1928.474423
4-Atlantic Avenue Barclays Center,2-Atlantic Avenue Barclays Center,120000
4-Atlantic Avenue Barclays Center,3-Atlantic Avenue Barclays Center,120000
4-Atlantic Avenue Barclays Center,4-Bergen Street,1928.474423
4-Atlantic Avenue Barclays Center,5-Atlantic Avenue Barclays Center,120000
4-Atlantic Avenue Barclays Center,D-Atlantic Avenue Barclays Center,120000
4-Atlantic Avenue Barclays Center,L-Broadway Junction,120000
4-Atlantic Avenue Barclays Center,N-Atlantic Avenue Barclays Center,120000
4-Atlantic Avenue Barclays Center,R-Atlantic Avenue Barclays Center,120000
4-Bedford Park Boulevard Lehman College,4-Kingsbridge Road,1928.474423
4-Bergen Street,4-Grand Army Plaza,1928.474423
4-Bleecker Street,4-Spring Street,1928.474423
4-Bleecker Street,6-Bleecker Street,120000
4-Bleecker Street,B-Broadway Lafayette Street,120000
4-Bleecker Street,D-Broadway Lafayette Street,120000
4-Bleecker Street,F-Broadway Lafayette Street,120000
4-Bleecker Street,M-Broadway Lafayette Street,120000
4-Borough Hall,2-Borough Hall,120000
4-Borough Hall,3-Borough Hall,120000
4-Borough Hall,4-Nevins Street,1928.474423
4-Borough Hall,5-Borough Hall,120000
4-Borough Hall,N-Court Street,120000
4-Borough Hall,R-Court Street,120000
4-Bowling Green,4-Borough Hall,1928.474423
4-Brooklyn Bridge City Hall,4-Fulton Street,1928.474423
4-Brooklyn Bridge City Hall,5-Brooklyn Bridge City Hall,120000
4-Brooklyn Bridge City Hall,6-Brooklyn Bridge City Hall,120000
4-Brooklyn Bridge City Hall,Z-Chambers Street,120000
4-Burnside Avenue,4-176th Street,1928.474423
4-Canal Street,4-Brooklyn Bridge City Hall,1928.474423
4-Canal Street,6-Canal Street,120000
4-Canal Street,N- (lower level – express),120000
4-Canal Street,N- (upper level – local),120000
4-Canal Street,Q- (lower level – express),120000
4-Canal Street,R- (upper level – local),120000
4-Canal Street,W- (upper level – local),120000
4-Canal Street,Z-Canal Street,120000
4-Eastern Parkway Brooklyn Museum,4-Franklin Avenue,1928.474423
4-Fordham Road,4-183rd Street,1928.474423
4-Franklin Avenue,2-Franklin Avenue,120000
4-Franklin Avenue,3-Franklin Avenue,120000
4-Franklin Avenue,4-Nostrand Avenue,1928.474423
4-Franklin Avenue,5-Franklin Avenue,120000
4-Fulton Street,2-Fulton Street,120000
4-Fulton Street,3-Fulton Street,120000
4-Fulton Street,4-Wall Street,1928.474423
4-Fulton Street,5-Fulton Street,120000
4-Fulton Street,A-Fulton Street,120000
4-Fulton Street,C-Fulton Street,120000
4-Fulton Street,Z-Fulton Street,120000
4-Grand Army Plaza,4-Eastern Parkway Brooklyn Museum,1928.474423
4-Grand Central 42nd Street,4-33rd Street,1928.474423
4-Grand Central 42nd Street,5-Grand Central 42nd Street,120000
4-Grand Central 42nd Street,6-Grand Central 42nd Street,120000
4-Grand Central 42nd Street,7-Grand Central,120000
4-Kingsbridge Road,4-Fordham Road,1928.474423
4-Kingston Avenue,4-Crown Heights Utica Avenue,1928.474423
4-Mosholu Parkway,4-Bedford Park Boulevard Lehman College,1928.474423
4-Mount Eden Avenue,4-170th Street,1928.474423
4-Nevins Street,4-Atlantic Avenue Barclays Center,1928.474423
4-Nostrand Avenue,4-Kingston Avenue,1928.474423
4-Spring Street,4-Canal Street,1928.474423
4-Wall Street,4-Bowling Green,1928.474423
4-Woodlawn,4-Mosholu Parkway,1928.474423
5-125th Street,5-86th Street,1625.514403
5-138th Street Grand Concourse,5-125th Street,1625.514403
5-149th Street Grand Concourse,2-149th Street Grand Concourse,120000
5-149th Street Grand Concourse,5-138th Street Grand Concourse,1625.514403
5-149th Street Grand Concourse,B-161st Street Yankee Stadium,120000
5-149th Street Grand Concourse,D-161st Street Yankee Stadium,120000
5-14th Street Union Square,4-14th Street Union Square,120000
5-14th Street Union Square,5-Brooklyn Bridge City Hall,1625.514403
5-14th Street Union Square,6-14th Street Union Square,120000
5-14th Street Union Square,L-Union Square,120000
5-14th Street Union Square,N-14th Street Union Square,120000
5-14th Street Union Square,Q-14th Street Union Square,120000
5-14th Street Union Square,R-14th Street Union Square,120000
5-14th Street Union Square,W-14th Street Union Square,120000
5-174th Street,5-Freeman Street,1625.514403
5-219th Street,5-Gun Hill Road White Plains Road,1625.514403
5-225th Street,5-219th Street,1625.514403
5-233rd Street,5-225th Street,1625.514403
5-59th Street,4-59th Street,120000
5-59th Street,5-Grand Central 42nd Street,1625.514403
5-59th Street,6-59th Street,120000
5-59th Street,A-59th Street Columbus Circle,120000
5-59th Street,B-59th Street Columbus Circle,120000
5-59th Street,C-59th Street Columbus Circle,120000
5-59th Street,D-59th Street Columbus Circle,120000
5-86th Street,5-59th Street,1625.514403
5-Allerton Avenue,5-Pelham Parkway White Plains Road,1625.514403
5-Atlantic Avenue Barclays Center,2-Atlantic Avenue Barclays Center,120000
5-Atlantic Avenue Barclays Center,3-Atlantic Avenue Barclays Center,120000
5-Atlantic Avenue Barclays Center,4-Atlantic Avenue Barclays Center,120000
5-Atlantic Avenue Barclays Center,5-Franklin Avenue,1625.514403
5-Atlantic Avenue Barclays Center,D-Atlantic Avenue Barclays Center,120000
5-Atlantic Avenue Barclays Center,L-Broadway Junction,120000
5-Atlantic Avenue Barclays Center,N-Atlantic Avenue Barclays Center,120000
5-Atlantic Avenue Barclays Center,R-Atlantic Avenue Barclays Center,120000
5-Baychester Avenue,5-Gun Hill Road–Seymour Avenue,1625.514403
5-Beverly Road,5-Newkirk Avenue,1625.514403
5-Borough Hall,2-Borough Hall,120000
5-Borough Hall,3-Borough Hall,120000
5-Borough Hall,4-Borough Hall,120000
5-Borough Hall,5-Nevins Street,1625.514403
5-Borough Hall,N-Court Street,120000
5-Borough Hall,R-Court Street,120000
5-Bowling Green,5-Borough Hall,1625.514403
5-Bronx Park East,5-East 180th Street,1625.514403
5-Brooklyn Bridge City Hall,4-Brooklyn Bridge City Hall,120000
5-Brooklyn Bridge City Hall,5-Fulton Street,1625.514403
5-Brooklyn Bridge City Hall,6-Brooklyn Bridge City Hall,120000
5-Brooklyn Bridge City Hall,Z-Chambers Street,120000
5-Burke Avenue,5-Allerton Avenue,1625.514403
5-Church Avenue,5-Beverly Road,1625.514403
5-Crown Heights Utica Avenue,5-Sutter Avenue Rutland Road,1625.514403
5-East 180th Street,5-West Farms Square East Tremont Avenue,1625.514403
5-Eastchester Dyre Avenue,5-Baychester Avenue,1625.514403
5-Flatbush Avenue Brooklyn College,5-Crown Heights Utica Avenue,1625.514403
5-Franklin Avenue,2-Franklin Avenue,120000
5-Franklin Avenue,3-Franklin Avenue,120000
5-Franklin Avenue,4-Franklin Avenue,120000
5-Franklin Avenue,5-President Street,1625.514403
5-Freeman Street,5-Simpson Street,1625.514403
5-Fulton Street,2-Fulton Street,120000
5-Fulton Street,3-Fulton Street,120000
5-Fulton Street,4-Fulton Street,120000
5-Fulton Street,5-Wall Street,1625.514403
5-Fulton Street,A-Fulton Street,120000
5-Fulton Street,C-Fulton Street,120000
5-Fulton Street,Z-Fulton Street,120000
5-Grand Central 42nd Street,4-Grand Central 42nd Street,120000
5-Grand Central 42nd Street,5-14th Street Union Square,1625.514403
5-Grand Central 42nd Street,6-Grand Central 42nd Street,120000
5-Grand Central 42nd Street,7-Grand Central,120000
5-Gun Hill Road Seymour Avenue,5-Pelham Parkway Espalanade,1625.514403
5-Gun Hill Road White Plains Road,5-Burke Avenue,1625.514403
5-Intervale Avenue,5-Prospect Avenue,1625.514403
5-Jackson Avenue,5-Third Avenue 149th Street,1625.514403
5-Junius Street,5-Pennsylvania Avenue,1625.514403
5-Morris Park,5-Nereid Avenue,1625.514403
5-Nereid Avenue,5-233rd Street,1625.514403
5-Nevins Street,5-Atlantic Avenue Barclays Center,1625.514403
5-Newkirk Avenue,5-Flatbush Avenue Brooklyn College,1625.514403
5-Pelham Parkway Espalanade,5-Morris Park,1625.514403
5-Pelham Parkway White Plains Road,5-Bronx Park East,1625.514403
5-Pennsylvania Avenue,5-Van Siclen Avenue,1625.514403
5-President Street,5-Sterling Street,1625.514403
5-Prospect Avenue,5-Jackson Avenue,1625.514403
5-Rockaway Avenue,5-Junius Street,1625.514403
5-Saratoga Avenue,5-Rockaway Avenue,1625.514403
5-Simpson Street,5-Intervale Avenue,1625.514403
5-Sterling Street,5-Winthrop Street,1625.514403
5-Sutter Avenue Rutland Road,5-Saratoga Avenue,1625.514403
5-Third Avenue 149th Street,5-149th Street Grand Concourse,1625.514403
5-Van Siclen Avenue,5-New Lots Avenue,1625.514403
5-Wall Street,5-Bowling Green,1625.514403
5-West Farms Square East Tremont Avenue,5-174th Street,1625.514403
5-Winthrop Street,5-Church Avenue,1625.514403
6-103rd Street,6-96th Street,2285.31856
6-110th Street,6-103rd Street,2285.31856
6-116th Street,6-110th Street,2285.31856
6-125th Street,6-116th Street,2285.31856
6-14th Street Union Square,4-14th Street Union Square,120000
6-14th Street Union Square,5-14th Street Union Square,120000
6-14th Street Union Square,6-Astor Place,2285.31856
6-14th Street Union Square,L-Union Square,120000
6-14th Street Union Square,N-14th Street Union Square,120000
6-14th Street Union Square,Q-14th Street Union Square,120000
6-14th Street Union Square,R-14th Street Union Square,120000
6-14th Street Union Square,W-14th Street Union Square,120000
6-23rd Street,6-14th Street Union Square,2285.31856
6-28th Street,6-23rd Street,2285.31856
6-33rd Street,6-28th Street,2285.31856
6-51st Street,4-51st Street,120000
6-51st Street,6-Grand Central 42nd Street,2285.31856
6-51st Street,E-Lexington Avenue 53rd Street,120000
6-51st Street,M-Lexington Avenue 53rd Street,120000
6-59th Street,4-59th Street,120000
6-59th Street,5-59th Street,120000
6-59th Street,6-51st Street,2285.31856
6-59th Street,A-59th Street Columbus Circle,120000
6-59th Street,B-59th Street Columbus Circle,120000
6-59th Street,C-59th Street Columbus Circle,120000
6-59th Street,D-59th Street Columbus Circle,120000
6-68th Street Hunter College,6-59th Street,2285.31856
6-77th Street,6-68th Street Hunter College,2285.31856
6-86th Street,6-77th Street,2285.31856
6-96th Street,6-86th Street,2285.31856
6-Astor Place,6-Bleecker Street,2285.31856
6-Bleecker Street,4-Bleecker Street,120000
6-Bleecker Street,6-Spring Street,2285.31856
6-Bleecker Street,B-Broadway Lafayette Street,120000
6-Bleecker Street,D-Broadway Lafayette Street,120000
6-Bleecker Street,F-Broadway Lafayette Street,120000
6-Bleecker Street,M-Broadway Lafayette Street,120000
6-Brook Avenue,6-Third Avenue 138th Street,2285.31856
6-Buhre Avenue,6-Middletown Road,2285.31856
6-Canal Street,4-Canal Street,120000
6-Canal Street,6-Brooklyn Bridge City Hall,2285.31856
6-Canal Street,N- (lower level – express),120000
6-Canal Street,N- (upper level – local),120000
6-Canal Street,Q- (lower level – express),120000
6-Canal Street,R- (upper level – local),120000
6-Canal Street,W- (upper level – local),120000
6-Canal Street,Z-Canal Street,120000
6-Castle Hill Avenue,6-Parkchester,2285.31856
6-Cypress Avenue,6-Brook Avenue,2285.31856
6-East 143rd Street St Mary's Street,6-Cypress Avenue,2285.31856
6-East 149th Street,6-East 143rd Street St Mary's Street,2285.31856
6-Elder Avenue,6-Whitlock Avenue,2285.31856
6-Grand Central 42nd Street,4-Grand Central 42nd Street,120000
6-Grand Central 42nd Street,5-Grand Central 42nd Street,120000
6-Grand Central 42nd Street,6-33rd Street,2285.31856
6-Grand Central 42nd Street,7-Grand Central,120000
6-Hunts Point Avenue,6-Longwood Avenue,2285.31856
6-Longwood Avenue,6-East 149th Street,2285.31856
6-Middletown Road,6-Westchester Square East Tremont Avenue,2285.31856
6-Morrison Avenue Soundview,6-Elder Avenue,2285.31856
6-Parkchester,6-St. Lawrence Avenue,2285.31856
6-Pelham Bay Park,6-Buhre Avenue,2285.31856
6-Spring Street,6-Canal Street,2285.31856
6-St. Lawrence Avenue,6-Morrison Avenue Soundview,2285.31856
6-Third Avenue 138th Street,6-125th Street,2285.31856
6-Westchester Square East Tremont Avenue,6-Zerega Avenue,2285.31856
6-Whitlock Avenue,6-Hunts Point Avenue,2285.31856
6-Zerega Avenue,6-Castle Hill Avenue,2285.31856
7-103rd Street Corona Plaza,7-Junction Boulevard,5206.61157
7-111th Street,7-103rd Street Corona Plaza,5206.61157
7-33rd Street Rawson Street,7-Queensboro Plaza,5206.61157
7-40th Street Lowery Street,7-33rd Street Rawson Street,5206.61157
7-46th Street Bliss Street,7-40th Street Lowery Street,5206.61157
7-52nd Street,7-46th Street Bliss Street,5206.61157
7-61st Street Woodside,7-52nd Street,5206.61157
7-69th Street,7-61st Street Woodside,5206.61157
7-74th Street Broadway,7-69th Street,5206.61157
7-74th Street Broadway,E-Jackson Heights Roosevelt Avenue,120000
7-74th Street Broadway,F-Jackson Heights Roosevelt Avenue,120000
7-74th Street Broadway,M-Jackson Heights Roosevelt Avenue,120000
7-74th Street Broadway,R-Jackson Heights Roosevelt Avenue,120000
7-82nd Street Jackson Heights,7-74th Street Broadway,5206.61157
7-90th Street Elmhurst Avenue,7-82nd Street Jackson Heights,5206.61157
7-Court Square,7-Hunters Point Avenue,5206.61157
7-Court Square,G-Court Square,120000
7-Court Square,G-Court Square 23rd Street,120000
7-Court Square,Z-lower level,120000
7-Fifth Avenue,7-Times Square,5206.61157
7-Fifth Avenue,B-42nd Street Bryant Park,120000
7-Fifth Avenue,D-42nd Street Bryant Park,120000
7-Fifth Avenue,F-42nd Street Bryant Park,120000
7-Fifth Avenue,M-42nd Street Bryant Park,120000
7-Flushing Main Street,7-Mets Willets Point,5206.61157
7-Grand Central,4-Grand Central 42nd Street,120000
7-Grand Central,5-Grand Central 42nd Street,120000
7-Grand Central,6-Grand Central 42nd Street,120000
7-Grand Central,7-Fifth Avenue, 206.61157
7-Hunters Point Avenue,7-Vernon Boulevard Jackson Avenue,5206.61157
7-Junction Boulevard,7-90th Street Elmhurst Avenue,5206.61157
7-Mets Willets Point,7-111th Street,5206.61157
7-Queensboro Plaza,7-Court Square,5206.61157
7-Times Square,1-Times Square 42nd Street,120000
7-Times Square,2-Times Square 42nd Street,120000
7-Times Square,3-Times Square 42nd Street,120000
7-Times Square,7-34th Street Hudson Yards,5206.61157
7-Times Square,A-42nd Street Port Authority Bus Terminal,120000
7-Times Square,C-42nd Street Port Authority Bus Terminal,120000
7-Times Square,E-42nd Street Port Authority Bus Terminal,120000
7-Times Square,N-Times Square 42nd Street,120000
7-Times Square,Q-Times Square 42nd Street,120000
7-Times Square,R-Times Square 42nd Street,120000
7-Times Square,W-Times Square 42nd Street,120000
7-Vernon Boulevard Jackson Avenue,7-Grand Central,5206.61157
A-103rd Street,A-96th Street,1349.862259
A-104th Street,A-111th Street,1349.862259
A-111th Street,A-Ozone Park Lefferts Boulevard,1349.862259
A-116th Street,A-Cathedral Parkway 110th Street,1349.862259
A-125th Street,A-116th Street,1349.862259
A-135th Street,A-125th Street,1349.862259
A-145th Street,A-135th Street,1349.862259
A-14th Street,A-West Fourth Street Washington Square,1349.862259
A-14th Street,C-14th Street,120000
A-14th Street,E-14th Street,120000
A-14th Street,L-Eighth Avenue,120000
A-155th Street,A-145th Street,1349.862259
A-163rd Street Amsterdam Avenue,A-155th Street,1349.862259
A-168th Street,A-163rd Street Amsterdam Avenue,1349.862259
A-168th Street,C-168th Street,120000
A-175th Street,A-168th Street,1349.862259
A-181st Street,A-175th Street,1349.862259
A-190th Street,A-181st Street,1349.862259
A-23rd Street,A-14th Street,1349.862259
A-34th Street Penn Station,A-23rd Street,1349.862259
A-42nd Street Port Authority Bus Terminal,1-Times Square 42nd Street,120000
A-42nd Street Port Authority Bus Terminal,2-Times Square 42nd Street,120000
A-42nd Street Port Authority Bus Terminal,3-Times Square 42nd Street,120000
A-42nd Street Port Authority Bus Terminal,7-Times Square,120000
A-42nd Street Port Authority Bus Terminal,A-34th Street Penn Station,1349.862259
A-42nd Street Port Authority Bus Terminal,C-42nd Street Port Authority Bus Terminal,120000
A-42nd Street Port Authority Bus Terminal,E-42nd Street Port Authority Bus Terminal,120000
A-42nd Street Port Authority Bus Terminal,N-Times Square 42nd Street,120000
A-42nd Street Port Authority Bus Terminal,Q-Times Square 42nd Street,120000
A-42nd Street Port Authority Bus Terminal,R-Times Square 42nd Street,120000
A-42nd Street Port Authority Bus Terminal,W-Times Square 42nd Street,120000
A-50th Street,A-42nd Street Port Authority Bus Terminal,1349.862259
A-59th Street Columbus Circle,4-59th Street,120000
A-59th Street Columbus Circle,5-59th Street,120000
A-59th Street Columbus Circle,6-59th Street,120000
A-59th Street Columbus Circle,A-50th Street,1349.862259
A-59th Street Columbus Circle,B-59th Street Columbus Circle,120000
A-59th Street Columbus Circle,C-59th Street Columbus Circle,120000
A-59th Street Columbus Circle,D-59th Street Columbus Circle,120000
A-72nd Street,A-59th Street Columbus Circle,1349.862259
A-80th Street,A-88th Street,1349.862259
A-81st Street Museum of Natural History,A-72nd Street,1349.862259
A-86th Street,A-81st Street Museum of Natural History,1349.862259
A-88th Street,A-Rockaway Boulevard,1349.862259
A-96th Street,A-86th Street,1349.862259
A-Aqueduct North Conduit Avenue,A-Howard Beach JFK Airport,1349.862259
A-Aqueduct Racetrack,A-Aqueduct North Conduit Avenue,1349.862259
A-Beach 105th Street,A-Rockaway Park Beach 116th Street,1349.862259
A-Beach 25th Street,A-Far Rockaway Mott Avenue,1349.862259
A-Beach 36th Street,A-Beach 25th Street,1349.862259
A-Beach 44th Street,A-Beach 36th Street,1349.862259
A-Beach 60th Street,A-Beach 44th Street,1349.862259
A-Beach 67th Street,A-Beach 60th Street,1349.862259
A-Beach 90th Street,A-Beach 98th Street,1349.862259
A-Beach 98th Street,A-Beach 105th Street,1349.862259
A-Broad Channel,A-Beach 67th Street,1349.862259
A-Broadway Junction,A-Liberty Avenue,1349.862259
A-Broadway Junction,C-Broadway Junction,120000
A-Broadway Junction,Z-Broadway Junction,120000
A-Canal Street,A-Chambers Street,1349.862259
A-Cathedral Parkway 110th Street,A-103rd Street,1349.862259
A-Chambers Street,2-Park Place,120000
A-Chambers Street,3-Park Place,120000
A-Chambers Street,A-Fulton Street,1349.862259
A-Chambers Street,C-Chambers Street,120000
A-Chambers Street,E-World Trade Center,120000
A-Clinton Washington Avenues,A-Franklin Avenue,1349.862259
A-Dyckman Street,A-190th Street,1349.862259
A-Euclid Avenue,A-Grant Avenue,1349.862259
A-Far Rockaway Mott Avenue,A-Beach 90th Street,1349.862259
A-Franklin Avenue,A-Nostrand Avenue,1349.862259
A-Franklin Avenue,C-Franklin Avenue,120000
A-Fulton Street,2-Fulton Street,120000
A-Fulton Street,3-Fulton Street,120000
A-Fulton Street,4-Fulton Street,120000
A-Fulton Street,5-Fulton Street,120000
A-Fulton Street,A-High Street,1349.862259
A-Fulton Street,C-Fulton Street,120000
A-Fulton Street,Z-Fulton Street,120000
A-Grant Avenue,A-80th Street,1349.862259
A-High Street,A-Jay Street MetroTech,1349.862259
A-Howard Beach JFK Airport,A-Broad Channel,1349.862259
A-Hoyt Schermerhorn Streets,A Lafayette Avenue,1349.862259
A-Inwood 207th Street,A-Dyckman Street,1349.862259
A-Jay Street MetroTech,A-Hoyt Schermerhorn Streets,1349.862259
A-Kingston Throop Avenues,A-Utica Avenue,1349.862259
A-Lafayette Avenue,A-Clinton Washington Avenues,1349.862259
A-Liberty Avenue,A-Van Siclen Avenue,1349.862259
A-Nostrand Avenue,A-Kingston Throop Avenues,1349.862259
A-Ozone Park Lefferts Boulevard,A-Aqueduct Racetrack,1349.862259
A-Ralph Avenue,A-Rockaway Avenue,1349.862259
A-Rockaway Avenue,A-Broadway Junction,1349.862259
A-Rockaway Boulevard,A-104th Street,1349.862259
A-Shepherd Avenue,A-Euclid Avenue,1349.862259
A-Spring Street,A-Canal Street,1349.862259
A-Utica Avenue,A-Ralph Avenue,1349.862259
A-Van Siclen Avenue,A-Shepherd Avenue,1349.862259
A-West Fourth Street Washington Square,A-Spring Street,1349.862259
B-103rd Street,B-96th Street,3637.691746
B-116th Street,B-Cathedral Parkway 110th Street,3637.691746
B-125th Street,B-116th Street,3637.691746
B-135th Street,B-125th Street,3637.691746
B-145th Street,B-135th Street,3637.691746
B-155th Street,B-145th Street,3637.691746
B-161st Street Yankee Stadium,2-149th Street Grand Concourse,120000
B-161st Street Yankee Stadium,5-149th Street Grand Concourse,120000
B-161st Street Yankee Stadium,B-155th Street,3637.691746
B-161st Street Yankee Stadium,D-161st Street Yankee Stadium,120000
B-167th Street,B-161st Street Yankee Stadium,3637.691746
B-170th Street,B-167th Street,3637.691746
B-174th 175th Streets,B-170th Street,3637.691746
B-182nd 183rd Streets,B-Tremont Avenue,3637.691746
B-34th Street Herald Square,B-West Fourth Street–Washington Square,3637.691746
B-34th Street Herald Square,D-34th Street Herald Square,120000
B-34th Street Herald Square,F-34th Street Herald Square,120000
B-34th Street Herald Square,M-34th Street Herald Square,120000
B-34th Street Herald Square,N-34th Street Herald Square,120000
B-34th Street Herald Square,Q-34th Street Herald Square,120000
B-34th Street Herald Square,R-34th Street Herald Square,120000
B-34th Street Herald Square,W-34th Street Herald Square,120000
B-42nd Street Bryant Park,7-Fifth Avenue,120000
B-42nd Street Bryant Park,B-34th Street Herald Square,3637.691746
B-42nd Street Bryant Park,D-42nd Street Bryant Park,120000
B-42nd Street Bryant Park,F-42nd Street Bryant Park,120000
B-42nd Street Bryant Park,M-42nd Street Bryant Park,120000
B-47th–50th Streets Rockefeller Center,B-42nd Street Bryant Park,3637.691746
B-59th Street Columbus Circle,4-59th Street,120000
B-59th Street Columbus Circle,5-59th Street,120000
B-59th Street Columbus Circle,6-59th Street,120000
B-59th Street Columbus Circle,A-59th Street Columbus Circle,120000
B-59th Street Columbus Circle,B-Seventh Avenue53rd Street,3637.691746
B-59th Street Columbus Circle,C-59th Street Columbus Circle,120000
B-59th Street Columbus Circle,D-59th Street Columbus Circle,120000
B-72nd Street,B-59th Street Columbus Circle,3637.691746
B-81st Street Museum of Natural History,B-72nd Street,3637.691746
B-86th Street,B-81st Street Museum of Natural History,3637.691746
B-96th Street,B-86th Street,3637.691746
B-Atlantic Avenue Barclays Center,B-Seventh Avenue Flatbush Avenue,3637.691746
B-Atlantic Avenue Barclays Center,D-Ninth Street,120000
B-Atlantic Avenue Barclays Center,N-Ninth Street,120000
B-Atlantic Avenue Barclays Center,Q-Atlantic Avenue Barclays Center,120000
B-Atlantic Avenue Barclays Center,R-Ninth Street,120000
B-Bedford Park Boulevard,B-Kingsbridge Road,3637.691746
B-Broadway Lafayette Street,4-Bleecker Street,120000
B-Broadway Lafayette Street,6-Bleecker Street,120000
B-Broadway Lafayette Street,B-Grand Street,3637.691746
B-Broadway Lafayette Street,D-Broadway Lafayette Street,120000
B-Broadway Lafayette Street,F-Broadway Lafayette Street,120000
B-Broadway Lafayette Street,M-Broadway Lafayette Street,120000
B-Cathedral Parkway 110th Street,B-103rd Street,3637.691746
B-Church Avenue,B-Newkirk Plaza,3637.691746
B-DeKalb Avenue,B-Atlantic Avenue Barclays Center,3637.691746
B-Fordham Road,B-182nd 183rd Streets,3637.691746
B-Grand Street,B-DeKalb Avenue,3637.691746
B-Kingsbridge Road,B-Fordham Road,3637.691746
B-Kings Highway,B-Sheepshead Bay,3637.691746
B-Newkirk Plaza,B-Kings Highway,3637.691746
B-Prospect Park,B-Church Avenue,3637.691746
B-Seventh Avenue–53rd Street,B-47th–50th Streets–Rockefeller Center,3637.691746
B-Seventh Avenue–Flatbush Avenue,B-Prospect Park,3637.691746
B-Sheepshead Bay,B-Brighton Beach,3637.691746
B-Tremont Avenue,B-174th–175th Streets,3637.691746
B-West Fourth Street Washington Square,B-Broadway Lafayette Street,3637.691746
C-103rd Street,C-96th Street,2512.5
C-116th Street,C-Cathedral Parkway 110th Street,2512.5
C-125th Street,C-116th Street,2512.5
C-135th Street,C-125th Street,2512.5
C-145th Street,C-135th Street,2512.5
C-14th Street,A-14th Street,120000
C-14th Street,C-West Fourth Street Washington Square,2512.5
C-14th Street,E-14th Street,120000
C-14th Street,L-Eighth Avenue,120000
C-155th Street,C-145th Street,2512.5
C-163rd Street Amsterdam Avenue,C-155th Street,2512.5
C-168th Street,A-168th Street,120000
C-168th Street,C-163rd Street Amsterdam Avenue,2512.5
C-23rd Street,C-14th Street,2512.5
C-34th Street Penn Station,C-23rd Street,2512.5
C-42nd Street Port Authority Bus Terminal,1-Times Square 42nd Street,120000
C-42nd Street Port Authority Bus Terminal,2-Times Square 42nd Street,120000
C-42nd Street Port Authority Bus Terminal,3-Times Square 42nd Street,120000
C-42nd Street Port Authority Bus Terminal,7-Times Square,120000
C-42nd Street Port Authority Bus Terminal,A-42nd Street Port Authority Bus Terminal,120000
C-42nd Street Port Authority Bus Terminal,C-34th Street Penn Station,2512.5
C-42nd Street Port Authority Bus Terminal,E-42nd Street Port Authority Bus Terminal,120000
C-42nd Street Port Authority Bus Terminal,N-Times Square 42nd Street,120000
C-42nd Street Port Authority Bus Terminal,Q-Times Square 42nd Street,120000
C-42nd Street Port Authority Bus Terminal,R-Times Square 42nd Street,120000
C-42nd Street Port Authority Bus Terminal,W-Times Square 42nd Street,120000
C-50th Street,C-42nd Street–Port Authority Bus Terminal,2512.5
C-59th Street Columbus Circle,4-59th Street,120000
C-59th Street Columbus Circle,5-59th Street,120000
C-59th Street Columbus Circle,6-59th Street,120000
C-59th Street Columbus Circle,A-59th Street Columbus Circle,120000
C-59th Street Columbus Circle,B-59th Street Columbus Circle,120000
C-59th Street Columbus Circle,C-50th Street,2512.5
C-59th Street Columbus Circle,D-59th Street Columbus Circle,120000
C-72nd Street,C-59th Street Columbus Circle,2512.5
C-81st Street Museum of Natural History,C-72nd Street,2512.5
C-86th Street,C-81st Street Museum of Natural History,2512.5
C-96th Street,C-86th Street,2512.5
C-Broadway Junction,A-Broadway Junction,120000
C-Broadway Junction,C-Liberty Avenue,2512.5
C-Broadway Junction,Z-Broadway Junction,120000
C-Canal Street,C-Chambers Street,2512.5
C-Cathedral Parkway 110th Street,C-103rd Street,2512.5
C-Chambers Street,2-Park Place,120000
C-Chambers Street,3-Park Place,120000
C-Chambers Street,A-Chambers Street,120000
C-Chambers Street,C-Fulton Street,2512.5
C-Chambers Street,E-World Trade Center,120000
C-Clinton Washington Avenues,C-Franklin Avenue,2512.5
C-Franklin Avenue,A-Franklin Avenue,120000
C-Franklin Avenue,C-Nostrand Avenue,2512.5
C-Fulton Street,2-Fulton Street,120000
C-Fulton Street,3-Fulton Street,120000
C-Fulton Street,4-Fulton Street,120000
C-Fulton Street,5-Fulton Street,120000
C-Fulton Street,A-Fulton Street,120000
C-Fulton Street,C-High Street,2512.5
C-Fulton Street,Z-Fulton Street,120000
C-High Street,C-Jay Street MetroTech,2512.5
C-Hoyt Schermerhorn Streets,C-Lafayette Avenue,2512.5
C-Jay Street MetroTech,C-Hoyt Schermerhorn Streets,2512.5
C-Kingston Throop Avenues,C-Utica Avenue,2512.5
C-Lafayette Avenue,C-Clinton Washington Avenues,2512.5
C-Liberty Avenue,C-Van Siclen Avenue,2512.5
C-Nostrand Avenue,C-Kingston Throop Avenues,2512.5
C-Ralph Avenue,C-Rockaway Avenue,2512.5
C-Rockaway Avenue,C-Broadway Junction,2512.5
C-Shepherd Avenue,C-Euclid Avenue,2512.5
C-Spring Street,C-Canal Street,2512.5
C-Utica Avenue,C-Ralph Avenue,2512.5
C-Van Siclen Avenue,C-Shepherd Avenue,2512.5
C-West Fourth Street Washington Square,C-Spring Street,2512.5
D-125th Street,D-59th Street Columbus Circle,3248.066627
D-145th Street,D-125th Street,3248.066627
D-155th Street,D-145th Street,3248.066627
D-161st Street Yankee Stadium,2-149th Street Grand Concourse,120000
D-161st Street Yankee Stadium,5-149th Street Grand Concourse,120000
D-161st Street Yankee Stadium,B-161st Street Yankee Stadium,120000
D-161st Street Yankee Stadium,D-155th Street,3248.066627
D-167th Street,D-161st Street Yankee Stadium,3248.066627
D-170th Street,D-167th Street,3248.066627
D-174th 175th Streets,D-170th Street,3248.066627
D-182nd 183rd Streets,D-Tremont Avenue,3248.066627
D-18th Avenue,D-20th Avenue,3248.066627
D-20th Avenue,D-Bay Parkway,3248.066627
D-25th Avenue,D-Bay 50th Street,3248.066627
D-25th Street,D-36th Street,3248.066627
D-34th Street Herald Square,B-34th Street Herald Square,120000
D-34th Street Herald Square,D-West Fourth Street Washington Square,3248.066627
D-34th Street Herald Square,F-34th Street Herald Square,120000
D-34th Street Herald Square,M-34th Street Herald Square,120000
D-34th Street Herald Square,N-34th Street Herald Square,120000
D-34th Street Herald Square,Q-34th Street Herald Square,120000
D-34th Street Herald Square,R-34th Street Herald Square,120000
D-34th Street Herald Square,W-34th Street Herald Square,120000
D-36th Street,D-Ninth Avenue,3248.066627
D-42nd Street Bryant Park,7-Fifth Avenue,120000
D-42nd Street Bryant Park,B-42nd Street Bryant Park,120000
D-42nd Street Bryant Park,D-34th Street Herald Square,3248.066627
D-42nd Street Bryant Park,F-42nd Street Bryant Park,120000
D-42nd Street Bryant Park,M-42nd Street Bryant Park,120000
D-47th–50th Streets Rockefeller Center,D-42nd Street Bryant Park,3248.066627
D-50th Street,D-55th Street,3248.066627
D-55th Street,D-62nd Street,3248.066627
D-59th Street Columbus Circle,4-59th Street,120000
D-59th Street Columbus Circle,5-59th Street,120000
D-59th Street Columbus Circle,6-59th Street,120000
D-59th Street Columbus Circle,A-59th Street Columbus Circle,120000
D-59th Street Columbus Circle,B-59th Street Columbus Circle,120000
D-59th Street Columbus Circle,C-59th Street Columbus Circle,120000
D-59th Street Columbus Circle,D-Seventh Avenue,3248.066627
D-62nd Street,M-Myrtle Wyckoff Avenues,120000
D-79th Street,D-18th Avenue,3248.066627
D-Atlantic Avenue Barclays Center,2-Atlantic Avenue Barclays Center,120000
D-Atlantic Avenue Barclays Center,3-Atlantic Avenue Barclays Center,120000
D-Atlantic Avenue Barclays Center,4-Atlantic Avenue Barclays Center,120000
D-Atlantic Avenue Barclays Center,5-Atlantic Avenue Barclays Center,120000
D-Atlantic Avenue Barclays Center,D-Union Street,3248.066627
D-Atlantic Avenue Barclays Center,L-Broadway Junction,120000
D-Atlantic Avenue Barclays Center,N-Atlantic Avenue Barclays Center,120000
D-Atlantic Avenue Barclays Center,R-Atlantic Avenue Barclays Center,120000
D-Bay 50th Street,D-Coney Island Stillwell Avenue,3248.066627
D-Bay Parkway,D-25th Avenue,3248.066627
D-Bedford Park Boulevard,D-Kingsbridge Road,3248.066627
D-Broadway Lafayette Street,4-Bleecker Street,120000
D-Broadway Lafayette Street,6-Bleecker Street,120000
D-Broadway Lafayette Street,B-Broadway Lafayette Street,120000
D-Broadway Lafayette Street,D-Grand Street,3248.066627
D-Broadway Lafayette Street,F-Broadway Lafayette Street,120000
D-Broadway Lafayette Street,M-Broadway Lafayette Street,120000
D-DeKalb Avenue,D-Atlantic Avenue Barclays Center,3248.066627
D-Fordham Road,D-182nd 183rd Streets,3248.066627
D-Fort Hamilton Parkway,D-50th Street,3248.066627
D-Grand Street,D-DeKalb Avenue,3248.066627
D-Kingsbridge Road,D-Fordham Road,3248.066627
D-Ninth Avenue,D-Fort Hamilton Parkway,3248.066627
D-Ninth Street,B-Atlantic Avenue Barclays Center,120000
D-Ninth Street,D-Prospect Avenue,3248.066627
D-Ninth Street,N-Ninth Street,120000
D-Ninth Street,Q-Atlantic Avenue Barclays Center,120000
D-Ninth Street,R-Ninth Street,120000
D-Norwood 205th Street,D-Bedford Park Boulevard,3248.066627
D-Prospect Avenue,D-25th Street,3248.066627
D-Seventh Avenue,D-47th–50th Streets Rockefeller Center,3248.066627
D-Tremont Avenue,D-174th 175th Streets,3248.066627
D-Union Street,D-Ninth Street,3248.066627
D-West Fourth Street Washington Square,D-Broadway Lafayette Street,3248.066627
E-14th Street,A-14th Street,120000
E-14th Street,C-14th Street,120000
E-14th Street,E-West Fourth Street Washington Square,2387.543253
E-14th Street,L-Eighth Avenue,120000
E-23rd Street,E-14th Street,2387.543253
E-34th Street Penn Station,E-23rd Street,2387.543253
E-36th Street,E-Queens Plaza,2387.543253
E-42nd Street Port Authority Bus Terminal,1-Times Square 42nd Street,120000
E-42nd Street Port Authority Bus Terminal,2-Times Square 42nd Street,120000
E-42nd Street Port Authority Bus Terminal,3-Times Square 42nd Street,120000
E-42nd Street Port Authority Bus Terminal,7-Times Square,120000
E-42nd Street Port Authority Bus Terminal,A-42nd Street Port Authority Bus Terminal,120000
E-42nd Street Port Authority Bus Terminal,C-42nd Street Port Authority Bus Terminal,120000
E-42nd Street Port Authority Bus Terminal,E-34th Street Penn Station,2387.543253
E-42nd Street Port Authority Bus Terminal,N-Times Square 42nd Street,120000
E-42nd Street Port Authority Bus Terminal,Q-Times Square 42nd Street,120000
E-42nd Street Port Authority Bus Terminal,R-Times Square 42nd Street,120000
E-42nd Street Port Authority Bus Terminal,W-Times Square 42nd Street,120000
E-46th Street,E-Steinway Street,2387.543253
E-50th Street,E-42nd Street Port Authority Bus Terminal,2387.543253
E-63rd Drive Rego Park,E-Woodhaven Boulevard,2387.543253
E-65th Street,E-Northern Boulevard,2387.543253
E-67th Avenue,E-63rd Drive Rego Park,2387.543253
E-75th Avenue,E-Forest Hills 71st Avenue,2387.543253
E-Briarwood,E-Kew Gardens Union Turnpike,2387.543253
E-Canal Street,E-World Trade Center,2387.543253
E-Court Square 23rd Street,E-Lexington Avenue 53rd Street,2387.543253
E-Court Square 23rd Street,M-Court Square 23rd Street,120000
E-Elmhurst Avenue,E-Jackson Heights Roosevelt Avenue,2387.543253
E-Fifth Avenue/53rd Street,E-Seventh Avenue,2387.543253
E-Forest Hills 71st Avenue,E-67th Avenue,2387.543253
E-Grand Avenue Newtown,E-Elmhurst Avenue,2387.543253
E-Jackson Heights Roosevelt Avenue,7-74th Street Broadway,120000
E-Jackson Heights Roosevelt Avenue,E-65th Street,2387.543253
E-Jackson Heights Roosevelt Avenue,F-Jackson Heights Roosevelt Avenue,120000
E-Jackson Heights Roosevelt Avenue,M-Jackson Heights Roosevelt Avenue,120000
E-Jackson Heights Roosevelt Avenue,R-Jackson Heights Roosevelt Avenue,120000
E-Jamaica 179th Street,E-Parsons Boulevard,2387.543253
E-Jamaica Center Parsons/Archer,E-Sutphin Boulevard Archer Avenue JFK Airport,2387.543253
E-Jamaica Van Wyck,E-Briarwood,2387.543253
E-Kew Gardens Union Turnpike,E-75th Avenue,2387.543253
E-Lexington Avenue 53rd Street,4-51st Street,120000
E-Lexington Avenue 53rd Street,6-51st Street,120000
E-Lexington Avenue 53rd Street,E-Fifth Avenue 53rd Street,2387.543253
E-Lexington Avenue 53rd Street,M-Lexington Avenue 53rd Street,120000
E-Northern Boulevard,E-46th Street,2387.543253
E-Parsons Boulevard,E-Jamaica Center Parsons Archer,2387.543253
E-Queens Plaza,E-Court Square 23rd Street,2387.543253
E-Seventh Avenue,E-50th Street,2387.543253
E-Spring Street,E-Canal Street,2387.543253
E-Steinway Street,E-36th Street,2387.543253
E-Sutphin Boulevard–Archer Avenue–JFK Airport,E-Jamaica Van Wyck,2387.543253
E-West Fourth Street–Washington Square,E-Spring Street,2387.543253
E-Woodhaven Boulevard,E-Grand Avenue–Newtown,2387.543253
F-14th Street,1-14th Street,120000
F-14th Street,2-14th Street,120000
F-14th Street,3-14th Street,120000
F-14th Street,F-West Fourth Street Washington Square,2755.555556
F-14th Street,L-Sixth Avenue,120000
F-14th Street,M-14th Street,120000
F-15th Street Prospect Park,F-Fort Hamilton Parkway,2755.555556
F-169th Street,F-Parsons Boulevard,2755.555556
F-18th Avenue,F-Avenue I,2755.555556
F-21st Street Queensbridge,F-Roosevelt Island,2755.555556
F-23rd Street,F-14th Street,2755.555556
F-34th Street Herald Square,B-34th Street Herald Square,120000
F-34th Street Herald Square,D-34th Street Herald Square,120000
F-34th Street Herald Square,F-23rd Street,2755.555556
F-34th Street Herald Square,M-34th Street Herald Square,120000
F-34th Street Herald Square,N-34th Street Herald Square,120000
F-34th Street Herald Square,Q-34th Street Herald Square,120000
F-34th Street Herald Square,R-34th Street Herald Square,120000
F-34th Street Herald Square,W-34th Street Herald Square,120000
F-42nd Street Bryant Park,7-Fifth Avenue,120000
F-42nd Street Bryant Park,B-42nd Street Bryant Park,120000
F-42nd Street Bryant Park,D-42nd Street Bryant Park,120000
F-42nd Street Bryant Park,F-34th Street Herald Square,2755.555556
F-42nd Street Bryant Park,M-42nd Street Bryant Park,120000
F-47th 50th Streets Rockefeller Center,F-42nd Street Bryant Park,2755.555556
F-57th Street,F-47th–50th Streets Rockefeller Center,2755.555556
F-75th Avenue,F-Forest Hills 71st Avenue,2755.555556
F-Avenue I,F-Bay Parkway,2755.555556
F-Avenue N,F-Avenue P,2755.555556
F-Avenue P,F-Kings Highway,2755.555556
F-Avenue U,F-Avenue X,2755.555556
F-Avenue X,F-Neptune Avenue,2755.555556
F-Bay Parkway,F-Avenue N,2755.555556
F-Bergen Street,F-Carroll Street,2755.555556
F-Briarwood,F-Kew Gardens Union Turnpike,2755.555556
F-Broadway Lafayette Street,4-Bleecker Street,120000
F-Broadway Lafayette Street,6-Bleecker Street,120000
F-Broadway Lafayette Street,B-Broadway Lafayette Street,120000
F-Broadway Lafayette Street,D-Broadway Lafayette Street,120000
F-Broadway Lafayette Street,F-Second Avenue,2755.555556
F-Broadway Lafayette Street,M-Broadway Lafayette Street,120000
F-Carroll Street,F-Smith Ninth Streets,2755.555556
F-Church Avenue,F-Ditmas Avenue,2755.555556
F-Delancey Street,F-East Broadway,2755.555556
F-Delancey Street,M-Essex Street,120000
F-Delancey Street,Z-Essex Street,120000
F-Ditmas Avenue,F-18th Avenue,2755.555556
F-East Broadway,F-York Street,2755.555556
F-Forest Hills–71st Avenue,F-Jackson Heights Roosevelt Avenue,2755.555556
F-Fort Hamilton Parkway,F-Church Avenue,2755.555556
F-Fourth Avenue,F-Seventh Avenue,2755.555556
F-Fourth Avenue,G-Fourth Avenue,120000
F-Jackson Heights–Roosevelt Avenue,7-74th Street–Broadway,120000
F-Jackson Heights–Roosevelt Avenue,E-Jackson Heights–Roosevelt Avenue,120000
F-Jackson Heights–Roosevelt Avenue,F-21st Street–Queensbridge,2755.555556
F-Jackson Heights–Roosevelt Avenue,M-Jackson Heights–Roosevelt Avenue,120000
F-Jackson Heights–Roosevelt Avenue,R-Jackson Heights–Roosevelt Avenue,120000
F-Jamaica–179th Street,F-169th Street,2755.555556
F-Jay Street–MetroTech,F-Bergen Street,2755.555556
F-Kew Gardens Union Turnpike,F-75th Avenue,2755.555556
F-Kings Highway,F-Avenue U,2755.555556
F-Lexington Avenue–63rd Street,A-145th Street,120000
F-Lexington Avenue–63rd Street,C-145th Street,120000
F-Lexington Avenue–63rd Street,F-57th Street,2755.555556
F-Lexington Avenue–63rd Street,F-59th Street,120000
F-Lexington Avenue–63rd Street,N-Lexington Avenue/59th Street,120000
F-Lexington Avenue–63rd Street,R-Lexington Avenue/59th Street,120000
F-Lexington Avenue–63rd Street,W-Lexington Avenue/59th Street,120000
F-Neptune Avenue,F-West Eighth Street–New York Aquarium,2755.555556
F-Parsons Boulevard,F-Sutphin Boulevard,2755.555556
F-Roosevelt Island,F-Lexington Avenue–63rd Street,2755.555556
F-Second Avenue,F-Delancey Street,2755.555556
F-Seventh Avenue,F-15th Street–Prospect Park,2755.555556
F-Smith–Ninth Streets,F-Fourth Avenue,2755.555556
F-Sutphin Boulevard,F-Briarwood,2755.555556
F-West Eighth Street–New York Aquarium,F-Coney Island Stillwell Avenue,2755.555556
F-West Fourth Street–Washington Square,F-Broadway–Lafayette Street,2755.555556
F-York Street,F-Jay Street–MetroTech,2755.555556
G-15th Street–Prospect Park,G-Fort Hamilton Parkway,4625.85034
G-21st Street,G-Greenpoint Avenue,4625.85034
G-Bedford–Nostrand Avenues,G-Classon Avenue,4625.85034
G-Bergen Street,G-Carroll Street,4625.85034
G-Broadway,G-Flushing Avenue,4625.85034
G-Carroll Street,G-Smith–Ninth Streets,4625.85034
G-Classon Avenue,G-Clinton–Washington Avenues,4625.85034
G-Clinton–Washington Avenues,G-Fulton Street,4625.85034
G-Court Square,7-Court Square,120000
G-Court Square,G-21st Street,4625.85034
G-Court Square,G-Court Square–23rd Street,120000
G-Court Square,Z-lower level,120000
G-Flushing Avenue,G-Myrtle–Willoughby Avenues,4625.85034
G-Fort Hamilton Parkway,G-Church Avenue,4625.85034
G-Fourth Avenue,F-Fourth Avenue,120000
G-Fourth Avenue,G-Seventh Avenue,4625.85034
G-Fulton Street,G-Hoyt–Schermerhorn Streets,4625.85034
G-Greenpoint Avenue,G-Nassau Avenue,4625.85034
G-Hoyt–Schermerhorn Streets,G-Bergen Street,4625.85034
G-Metropolitan Avenue,G-Broadway,4625.85034
G-Metropolitan Avenue,L-Myrtle–Wyckoff Avenues,120000
G-Myrtle–Willoughby Avenues,G-Bedford–Nostrand Avenues,4625.85034
G-Nassau Avenue,G-Metropolitan Avenue,4625.85034
G-Seventh Avenue,G-15th Street–Prospect Park,4625.85034
G-Smith–Ninth Streets,G-Fourth Avenue,4625.85034
L-Atlantic Avenue,L-Sutter Avenue,3750
L-Bedford Avenue,L-Lorimer Street,3750
L-Broadway Junction,2-Atlantic Avenue–Barclays Center,120000
L-Broadway Junction,3-Atlantic Avenue–Barclays Center,120000
L-Broadway Junction,4-Atlantic Avenue–Barclays Center,120000
L-Broadway Junction,5-Atlantic Avenue–Barclays Center,120000
L-Broadway Junction,D-Atlantic Avenue–Barclays Center,120000
L-Broadway Junction,L-Atlantic Avenue,3750
L-Broadway Junction,N-Atlantic Avenue–Barclays Center,120000
L-Broadway Junction,R-Atlantic Avenue–Barclays Center,120000
L-Bushwick Avenue–Aberdeen Street,L-Broadway Junction,3750
L-DeKalb Avenue,L-Myrtle–Wyckoff Avenues,3750
L-East 105th Street,L-Canarsie–Rockaway Parkway,3750
L-Eighth Avenue,A-14th Street,120000
L-Eighth Avenue,C-14th Street,120000
L-Eighth Avenue,E-14th Street,120000
L-Eighth Avenue,L-Sixth Avenue,3750
L-First Avenue,L-Bedford Avenue,3750
L-Graham Avenue,L-Grand Street,3750
L-Grand Street,L-Montrose Avenue,3750
L-Halsey Street,L-Wilson Avenue,3750
L-Jefferson Street,L-DeKalb Avenue,3750
L-Livonia Avenue,L-New Lots Avenue,3750
L-Lorimer Street,L-Graham Avenue,3750
L-Lorimer Street,N-Jay Street–MetroTech,120000
L-Lorimer Street,R-Jay Street–MetroTech,120000
L-Montrose Avenue,L-Morgan Avenue,3750
L-Morgan Avenue,L-Jefferson Street,3750
L-Myrtle–Wyckoff Avenues,G-Metropolitan Avenue,120000
L-Myrtle–Wyckoff Avenues,L-Halsey Street,3750
L-New Lots Avenue,L-East 105th Street,3750
L-Sixth Avenue,1-14th Street,120000
L-Sixth Avenue,2-14th Street,120000
L-Sixth Avenue,3-14th Street,120000
L-Sixth Avenue,F-14th Street,120000
L-Sixth Avenue,L-Union Square,3750
L-Sixth Avenue,M-14th Street,120000
L-Sutter Avenue,L-Livonia Avenue,3750
L-Third Avenue,L-First Avenue,3750
L-Union Square,4-14th Street–Union Square,120000
L-Union Square,5-14th Street–Union Square,120000
L-Union Square,6-14th Street–Union Square,120000
L-Union Square,L-Third Avenue,3750
L-Union Square,N-14th Street–Union Square,120000
L-Union Square,Q-14th Street–Union Square,120000
L-Union Square,R-14th Street–Union Square,120000
L-Union Square,W-14th Street–Union Square,120000
L-Wilson Avenue,L-Bushwick Avenue–Aberdeen Street,3750
M-14th Street,1-14th Street,120000
M-14th Street,2-14th Street,120000
M-14th Street,3-14th Street,120000
M-14th Street,F-14th Street,120000
M-14th Street,L-Sixth Avenue,120000
M-14th Street,M-West Fourth Street–Washington Square,3379.62963
M-23rd Street,M-14th Street,3379.62963
M-34th Street–Herald Square,B-34th Street–Herald Square,120000
M-34th Street–Herald Square,D-34th Street–Herald Square,120000
M-34th Street–Herald Square,F-34th Street–Herald Square,120000
M-34th Street–Herald Square,M-23rd Street,3379.62963
M-34th Street–Herald Square,N-34th Street–Herald Square,120000
M-34th Street–Herald Square,Q-34th Street–Herald Square,120000
M-34th Street–Herald Square,R-34th Street–Herald Square,120000
M-34th Street–Herald Square,W-34th Street–Herald Square,120000
M-36th Street,M-Queens Plaza,3379.62963
M-42nd Street Bryant Park,7-Fifth Avenue,120000
M-42nd Street Bryant Park,B-42nd Street Bryant Park,120000
M-42nd Street Bryant Park,D-42nd Street Bryant Park,120000
M-42nd Street Bryant Park,F-42nd Street Bryant Park,120000
M-42nd Street Bryant Park,M-34th Street erald Square,3379.62963
M-46th Street,M-Steinway Street,3379.62963
M-47th–50th Streets–Rockefeller Center,M-42nd Street–Bryant Park,3379.62963
M-63rd Drive–Rego Park,M-Woodhaven Boulevard,3379.62963
M-65th Street,M-Northern Boulevard,3379.62963
M-67th Avenue,M-63rd Drive–Rego Park,3379.62963
M-Broadway–Lafayette Street,4-Bleecker Street,120000
M-Broadway–Lafayette Street,6-Bleecker Street,120000
M-Broadway–Lafayette Street,B-Broadway–Lafayette Street,120000
M-Broadway–Lafayette Street,D-Broadway–Lafayette Street,120000
M-Broadway–Lafayette Street,F-Broadway–Lafayette Street,120000
M-Broadway–Lafayette Street,M-Essex Street,3379.62963
M-Central Avenue,M-Knickerbocker Avenue,3379.62963
M-Court Square 23rd Street,E-Court Square 23rd Street,120000
M-Court Square 23rd Street,M-Lexington Avenue 53rd Street,3379.62963
M-Elmhurst Avenue,M-Jackson Heights Roosevelt Avenue,3379.62963
M-Essex Street,F-Delancey Street,120000
M-Essex Street,M-Marcy Avenue,3379.62963
M-Essex Street,Z-Essex Street,120000
M-Fifth Avenue 53rd Street,M-47th 50th Streets Rockefeller Center,3379.62963
M-Flushing Avenue,M-Myrtle Avenue,3379.62963
M-Forest Avenue,M-Fresh Pond Road,3379.62963
M-Forest Hills 71st Avenue,M-67th Avenue,3379.62963
M-Fresh Pond Road,M-Middle Village Metropolitan Avenue,3379.62963
M-Grand Avenue Newtown,M-Elmhurst Avenue,3379.62963
M-Hewes Street,M-Lorimer Street,3379.62963
M-Jackson Heights Roosevelt Avenue,7-74th Street–Broadway,120000
M-Jackson Heights Roosevelt Avenue,E-Jackson Heights Roosevelt Avenue,120000
M-Jackson Heights Roosevelt Avenue,F-Jackson Heights Roosevelt Avenue,120000
M-Jackson Heights Roosevelt Avenue,M-65th Street,3379.62963
M-Jackson Heights Roosevelt Avenue,R-Jackson Heights Roosevelt Avenue,120000
M-Knickerbocker Avenue,M-Myrtle Wyckoff Avenues,3379.62963
M-Lexington Avenue 53rd Street,4-51st Street,120000
M-Lexington Avenue 53rd Street,6-51st Street,120000
M-Lexington Avenue 53rd Street,E-Lexington Avenue 53rd Street,120000
M-Lexington Avenue 53rd Street,M-Fifth Avenue 53rd Street,3379.62963
M-Lorimer Street,M-Flushing Avenue,3379.62963
M-Marcy Avenue,M-Hewes Street,3379.62963
M-Myrtle Avenue,M-Central Avenue,3379.62963
M-Myrtle Wyckoff Avenues,D-62nd Street,120000
M-Myrtle Wyckoff Avenues,M-Seneca Avenue,3379.62963
M-Northern Boulevard,M-46th Street,3379.62963
M-Queens Plaza,M-Court Square 23rd Street,3379.62963
M-Seneca Avenue,M-Forest Avenue,3379.62963
M-Steinway Street,M-36th Street,3379.62963
M-West Fourth Street Washington Square,M-Broadway–Lafayette Street,3379.62963
M-Woodhaven Boulevard,M-Grand Avenue Newtown,3379.62963
N-14th Street Union Square,4-14th Street Union Square,120000
N-14th Street Union Square,5-14th Street Union Square,120000
N-14th Street Union Square,6-14th Street Union Square,120000
N-14th Street Union Square,L-Union Square,120000
N-14th Street Union Square,N-Eighth Street New York University,1997.04142
N-14th Street Union Square,Q-14th Street Union Square,120000
N-14th Street Union Square,R-14th Street Union Square,120000
N-14th Street Union Square,W-14th Street Union Square,120000
N-18th Avenue,N-20th Avenue,1997.04142
N-20th Avenue,N-Bay Parkway,1997.04142
N-23rd Street,N-14th Street–Union Square,1997.04142
N-25th Street,N-36th Street,1997.04142
N-28th Street,N-23rd Street,1997.04142
N-30th Avenue,N-Broadway,1997.04142
N-34th Street Herald Square,B-34th Street Herald Square,120000
N-34th Street Herald Square,D-34th Street Herald Square,120000
N-34th Street Herald Square,F-34th Street Herald Square,120000
N-34th Street Herald Square,M-34th Street Herald Square,120000
N-34th Street Herald Square,N-28th Street,1997.04142
N-34th Street Herald Square,Q-34th Street Herald Square,120000
N-34th Street Herald Square,R-34th Street Herald Square,120000
N-34th Street Herald Square,W-34th Street Herald Square,120000
N-36th Avenue,N-39th Avenue,1997.04142
N-36th Street,N-45th Street,1997.04142
N-39th Avenue,N-Queensboro Plaza,1997.04142
N-45th Street,N-53rd Street,1997.04142
N-49th Street,N-Times Square 42nd Street,1997.04142
N-53rd Street,N-59th Street,1997.04142
N-57th Street Seventh Avenue,N-49th Street,1997.04142
N-57th Street Seventh Avenue,N-Times Square 42nd Street,1997.04142
N-59th Street,N-Eighth Avenue,1997.04142
N-72nd Street,N-Lexington Avenue 63rd Street,1997.04142
N-86th Street,N-72nd Street,1997.04142
N-86th Street,N-Coney Island Stillwell Avenue,1997.04142
N-96th Street,N-86th Street,1997.04142
N-Astoria Boulevard,N-30th Avenue,1997.04142
N-Astoria Ditmars Boulevard,N-Astoria Boulevard,1997.04142
N-Atlantic Avenue Barclays Center,2-Atlantic Avenue Barclays Center,120000
N-Atlantic Avenue Barclays Center,3-Atlantic Avenue Barclays Center,120000
N-Atlantic Avenue Barclays Center,4-Atlantic Avenue Barclays Center,120000
N-Atlantic Avenue Barclays Center,5-Atlantic Avenue Barclays Center,120000
N-Atlantic Avenue Barclays Center,D-Atlantic Avenue Barclays Center,120000
N-Atlantic Avenue Barclays Center,L-Broadway Junction,120000
N-Atlantic Avenue Barclays Center,N-Union Street,1997.04142
N-Atlantic Avenue Barclays Center,R-Atlantic Avenue Barclays Center,120000
N-Avenue U,N-86th Street,1997.04142
N-Bay Parkway,N-Kings Highway,1997.04142
N-Broadway,N-36th Avenue,1997.04142
N-Canal Street (Broadway),N-Canal Street,1997.04142
N-Canal Street,N-City Hall,1997.04142
N-City Hall,N-Cortlandt Street,1997.04142
N-Cortlandt Street,N-Rector Street,1997.04142
N-Court Street,2-Borough Hall,120000
N-Court Street,3-Borough Hall,120000
N-Court Street,4-Borough Hall,120000
N-Court Street,5-Borough Hall,120000
N-Court Street,N-Jay Street MetroTech,1997.04142
N-Court Street,R-Court Street,120000
N-DeKalb Avenue,N-Atlantic Avenue Barclays Center,1997.04142
N-Eighth Avenue,N-Fort Hamilton Parkway,1997.04142
N-Eighth Street New York University,N-Prince Street,1997.04142
N-Fifth Avenue 59th Street,N-57th Street Seventh Avenue,1997.04142
N-Fort Hamilton Parkway,N-New Utrecht Avenue,1997.04142
N-Jay Street MetroTech,L-Lorimer Street,120000
N-Jay Street MetroTech,N-DeKalb Avenue,1997.04142
N-Jay Street MetroTech,R-Jay Street MetroTech,120000
N-Kings Highway,N-Avenue U,1997.04142
N-Lexington Avenue 59th Street,A-145th Street,120000
N-Lexington Avenue 59th Street,C-145th Street,120000
N-Lexington Avenue 59th Street,F-59th Street,120000
N-Lexington Avenue 59th Street,F-Lexington Avenue 63rd Street,120000
N-Lexington Avenue 59th Street,N-Fifth Avenue 59th Street,1997.04142
N-Lexington Avenue 59th Street,R-Lexington Avenue 59th Street,120000
N-Lexington Avenue 59th Street,W-Lexington Avenue 59th Street,120000
N-Lexington Avenue 63rd Street,N-57th Street Seventh Avenue,1997.04142
N-New Utrecht Avenue,N-18th Avenue,1997.04142
N-Ninth Street,B-Atlantic Avenue Barclays Center,120000
N-Ninth Street,D-Ninth Street,120000
N-Ninth Street,N-Prospect Avenue,1997.04142
N-Ninth Street,Q-Atlantic Avenue Barclays Center,120000
N-Ninth Street,R-Ninth Street,120000
N-Prince Street,N-Canal Street (Broadway),1997.04142
N-Prospect Avenue,N-25th Street,1997.04142
N-Queensboro Plaza,N-Lexington Avenue 59th Street,1997.04142
N-Rector Street,N-Whitehall Street South Ferry,1997.04142
N-Times Square 42nd Street,1-Times Square 42nd Street,120000
N-Times Square 42nd Street,1-Times Square 42nd Street,120000
N-Times Square 42nd Street,2-Times Square 42nd Street,120000
N-Times Square 42nd Street,2-Times Square 42nd Street,120000
N-Times Square 42nd Street,3-Times Square 42nd Street,120000
N-Times Square 42nd Street,3-Times Square 42nd Street,120000
N-Times Square 42nd Street,7-Times Square,120000
N-Times Square 42nd Street,7-Times Square,120000
N-Times Square 42nd Street,A-42nd Street Port Authority Bus Terminal,120000
N-Times Square 42nd Street,A-42nd Street Port Authority Bus Terminal,120000
N-Times Square 42nd Street,C-42nd Street Port Authority Bus Terminal,120000
N-Times Square 42nd Street,C-42nd Street Port Authority Bus Terminal,120000
N-Times Square 42nd Street,E-42nd Street Port Authority Bus Terminal,120000
N-Times Square 42nd Street,E-42nd Street Port Authority Bus Terminal,120000
N-Times Square 42nd Street,N-34th Street Herald Square,1997.04142
N-Times Square 42nd Street,N-Astoria–Ditmars Boulevard,1997.04142
N-Times Square 42nd Street,Q-Times Square 42nd Street,120000
N-Times Square 42nd Street,Q-Times Square 42nd Street,120000
N-Times Square 42nd Street,R-Times Square 42nd Street,120000
N-Times Square 42nd Street,R-Times Square 42nd Street,120000
N-Times Square 42nd Street,W-Times Square 42nd Street,120000
N-Times Square 42nd Street,W-Times Square 42nd Street,120000
N-Union Street,N-Ninth Street,1997.04142
N-Whitehall Street South Ferry,1-South Ferry,120000
N-Whitehall Street South Ferry,N-Court Street,1997.04142
N-Whitehall Street South Ferry,R Whitehall Street South Ferry,120000
N-Whitehall Street South Ferry,W-Whitehall Street South Ferry,120000
Q-14th Street–Union Square,4-14th Street–Union Square,120000
Q-14th Street–Union Square,5-14th Street–Union Square,120000
Q-14th Street–Union Square,6-14th Street–Union Square,120000
Q-14th Street–Union Square,L-Union Square,120000
Q-14th Street–Union Square,N-14th Street–Union Square,120000
Q-14th Street–Union Square,Q-Eighth Street–New York University,3114.186851
Q-14th Street–Union Square,R-14th Street–Union Square,120000
Q-14th Street–Union Square,W-14th Street–Union Square,120000
Q-23rd Street,Q-14th Street–Union Square,3114.186851
Q-28th Street,Q-23rd Street,3114.186851
Q-34th Street–Herald Square,B-34th Street–Herald Square,120000
Q-34th Street–Herald Square,D-34th Street–Herald Square,120000
Q-34th Street–Herald Square,F-34th Street–Herald Square,120000
Q-34th Street–Herald Square,M-34th Street–Herald Square,120000
Q-34th Street–Herald Square,N-34th Street–Herald Square,120000
Q-34th Street–Herald Square,Q-28th Street,3114.186851
Q-34th Street–Herald Square,R-34th Street–Herald Square,120000
Q-34th Street–Herald Square,W-34th Street–Herald Square,120000
Q-49th Street,Q-Times Square–42nd Street,3114.186851
Q-57th Street–Seventh Avenue,Q-49th Street,3114.186851
Q-72nd Street,Q-Lexington Avenue–63rd Street,3114.186851
Q-86th Street,Q-72nd Street,3114.186851
Q-96th Street,Q-86th Street,3114.186851
Q-Atlantic Avenue–Barclays Center,B-Atlantic Avenue–Barclays Center,120000
Q-Atlantic Avenue–Barclays Center,D-Ninth Street,120000
Q-Atlantic Avenue–Barclays Center,N-Ninth Street,120000
Q-Atlantic Avenue–Barclays Center,Q-Seventh Avenue,3114.186851
Q-Atlantic Avenue–Barclays Center,R-Ninth Street,120000
Q-Avenue H,Q-Avenue J,3114.186851
Q-Avenue J,Q-Avenue M,3114.186851
Q-Avenue M,Q-Kings Highway,3114.186851
Q-Avenue U,Q-Neck Road,3114.186851
Q-Beverley Road,Q-Cortelyou Road,3114.186851
Q-Brighton Beach,Q-Ocean Parkway,3114.186851
Q-Canal Street,Q-DeKalb Avenue,3114.186851
Q-Church Avenue,Q-Beverley Road,3114.186851
Q-Cortelyou Road,Q-Newkirk Plaza,3114.186851
Q-DeKalb Avenue,Q-Atlantic Avenue–Barclays Center,3114.186851
Q-Eighth Street–New York University,Q-Prince Street,3114.186851
Q-Kings Highway,Q-Avenue U,3114.186851
Q-Lexington Avenue–63rd Street,Q-57th Street–Seventh Avenue,3114.186851
Q-Neck Road,Q-Sheepshead Bay,3114.186851
Q-Newkirk Plaza,Q-Avenue H,3114.186851
Q-Ocean Parkway,Q-West Eighth Street–New York Aquarium,3114.186851
Q-Parkside Avenue,Q-Church Avenue,3114.186851
Q-Prince Street,Q-Canal Street,3114.186851
Q-Prospect Park,Q-Parkside Avenue,3114.186851
Q-Seventh Avenue,Q-Prospect Park,3114.186851
Q-Sheepshead Bay,Q-Brighton Beach,3114.186851
Q-Times Square 42nd Street,1-Times Square–42nd Street,120000
Q-Times Square 42nd Street,2-Times Square–42nd Street,120000
Q-Times Square 42nd Street,3-Times Square–42nd Street,120000
Q-Times Square 42nd Street,7-Times Square,120000
Q-Times Square 42nd Street,A-42nd Street–Port Authority Bus Terminal,120000
Q-Times Square 42nd Street,C-42nd Street–Port Authority Bus Terminal,120000
Q-Times Square 42nd Street,E-42nd Street–Port Authority Bus Terminal,120000
Q-Times Square 42nd Street,N-Times Square–42nd Street,120000
Q-Times Square 42nd Street,Q-34th Street–Herald Square,3114.186851
Q-Times Square 42nd Street,R-Times Square–42nd Street,120000
Q-Times Square 42nd Street,W-Times Square–42nd Street,120000
Q-West Eighth Street New York Aquarium,Q-Coney Island Stillwell Avenue,3114.186851
R-14th Street Union Square,4-14th Street–Union Square,120000
R-14th Street Union Square,5-14th Street–Union Square,120000
R-14th Street Union Square,6-14th Street–Union Square,120000
R-14th Street Union Square,L-Union Square,120000
R-14th Street Union Square,N-14th Street Union Square,120000
R-14th Street Union Square,Q-14th Street Union Square,120000
R-14th Street Union Square,R-Eighth Street New York University,2637.037037
R-14th Street Union Square,W-14th Street Union Square,120000
R-23rd Street,R-14th Street Union Square,2637.037037
R-25th Street,R-36th Street Fourth Avenue,2637.037037
R-28th Street,R-23rd Street,2637.037037
R-34th Street–Herald Square,B-34th Street Herald Square,120000
R-34th Street–Herald Square,D-34th Street Herald Square,120000
R-34th Street–Herald Square,F-34th Street Herald Square,120000
R-34th Street–Herald Square,M-34th Street Herald Square,120000
R-34th Street–Herald Square,N-34th Street–Herald Square,120000
R-34th Street–Herald Square,Q-34th Street–Herald Square,120000
R-34th Street–Herald Square,R-28th Street,2637.037037
R-34th Street–Herald Square,W-34th Street–Herald Square,120000
R-36th Street–Fourth Avenue,R-45th Street,2637.037037
R-36th Street–Northern Boulevard,R-Queens Plaza,2637.037037
R-45th Street,R-53rd Street,2637.037037
R-46th Street,R-Steinway Street,2637.037037
R-49th Street,R-Times Square–42nd Street,2637.037037
R-53rd Street,R-59th Street,2637.037037
R-57th Street Seventh Avenue,R-49th Street,2637.037037
R-59th Street,R-Bay Ridge Avenue,2637.037037
R-63rd Drive Rego Park,R-Woodhaven Boulevard,2637.037037
R-65th Street,R-Northern Boulevard,2637.037037
R-67th Avenue,R-63rd Drive–Rego Park,2637.037037
R-77th Street,R-86th Street,2637.037037
R-86th Street,R-Bay Ridge–95th Street,2637.037037
R-Atlantic Avenue Barclays Center,2-Atlantic Avenue Barclays Center,120000
R-Atlantic Avenue Barclays Center,3-Atlantic Avenue Barclays Center,120000
R-Atlantic Avenue Barclays Center,4-Atlantic Avenue Barclays Center,120000
R-Atlantic Avenue Barclays Center,5-Atlantic Avenue Barclays Center,120000
R-Atlantic Avenue Barclays Center,D-Atlantic Avenue Barclays Center,120000
R-Atlantic Avenue Barclays Center,L-Broadway Junction,120000
R-Atlantic Avenue Barclays Center,N-Atlantic Avenue Barclays Center,120000
R-Atlantic Avenue Barclays Center,R-Union Street,2637.037037
R-Bay Ridge Avenue,R-77th Street,2637.037037
R-Canal Street,R-City Hall,2637.037037
R-City Hall,R-Cortlandt Street,2637.037037
R-Cortlandt Street,R-Rector Street,2637.037037
R-Court Street,2-Borough Hall,120000
R-Court Street,3-Borough Hall,120000
R-Court Street,4-Borough Hall,120000
R-Court Street,5-Borough Hall,120000
R-Court Street,N-Court Street,120000
R-Court Street,R-Jay Street–MetroTech,2637.037037
R-DeKalb Avenue,R-Atlantic Avenue–Barclays Center,2637.037037
R-Eighth Street–New York University,R-Prince Street,2637.037037
R-Elmhurst Avenue,R-Jackson Heights–Roosevelt Avenue,2637.037037
R-Fifth Avenue–59th Street,R-57th Street–Seventh Avenue,2637.037037
R-Forest Hills–71st Avenue,R-67th Avenue,2637.037037
R-Grand Avenue–Newtown,R-Elmhurst Avenue,2637.037037
R-Jackson Heights–Roosevelt Avenue,7-74th Street–Broadway,120000
R-Jackson Heights–Roosevelt Avenue,E-Jackson Heights–Roosevelt Avenue,120000
R-Jackson Heights–Roosevelt Avenue,F-Jackson Heights–Roosevelt Avenue,120000
R-Jackson Heights–Roosevelt Avenue,M-Jackson Heights–Roosevelt Avenue,120000
R-Jackson Heights–Roosevelt Avenue,R-65th Street,2637.037037
R-Jay Street–MetroTech,L-Lorimer Street,120000
R-Jay Street–MetroTech,N-Jay Street–MetroTech,120000
R-Jay Street–MetroTech,R-DeKalb Avenue,2637.037037
R-Lexington Avenue/59th Street,A-145th Street,120000
R-Lexington Avenue/59th Street,C-145th Street,120000
R-Lexington Avenue/59th Street,F-59th Street,120000
R-Lexington Avenue/59th Street,F-Lexington Avenue–63rd Street,120000
R-Lexington Avenue/59th Street,N-Lexington Avenue/59th Street,120000
R-Lexington Avenue/59th Street,R-Fifth Avenue–59th Street,2637.037037
R-Lexington Avenue/59th Street,W-Lexington Avenue/59th Street,120000
R-Ninth Street,B-Atlantic Avenue–Barclays Center,120000
R-Ninth Street,D-Ninth Street,120000
R-Ninth Street,N-Ninth Street,120000
R-Ninth Street,Q-Atlantic Avenue–Barclays Center,120000
R-Ninth Street,R-Prospect Avenue,2637.037037
R-Northern Boulevard,R-46th Street,2637.037037
R-Prince Street,R-Canal Street,2637.037037
R-Prospect Avenue,R-25th Street,2637.037037
R-Queens Plaza,R-Lexington Avenue/59th Street,2637.037037
R-Rector Street,R-Whitehall Street–South Ferry,2637.037037
R-Steinway Street,R-36th Street–Northern Boulevard,2637.037037
R-Times Square 42nd Street,1-Times Square 42nd Street,120000
R-Times Square 42nd Street,2-Times Square 42nd Street,120000
R-Times Square 42nd Street,3-Times Square 42nd Street,120000
R-Times Square 42nd Street,7-Times Square,120000
R-Times Square 42nd Street,A-42nd Street Port Authority Bus Terminal,120000
R-Times Square 42nd Street,C-42nd Street Port Authority Bus Terminal,120000
R-Times Square 42nd Street,E-42nd Street Port Authority Bus Terminal,120000
R-Times Square 42nd Street,N-Times Square 42nd Street,120000
R-Times Square 42nd Street,Q-Times Square 42nd Street,120000
R-Times Square 42nd Street,R-34th Street Herald Square,2637.037037
R-Times Square 42nd Street,W-Times Square 42nd Street,120000
R-Union Street,R-Ninth Street,2637.037037
R-Whitehall Street South Ferry,1-South Ferry,120000
R-Whitehall Street South Ferry,N-Whitehall Street South Ferry,120000
R-Whitehall Street South Ferry,R-Court Street,2637.037037
R-Whitehall Street South Ferry,W-Whitehall Street South Ferry,120000
R-Woodhaven Boulevard,R-Grand Avenue Newtown,2637.037037
SIR-Annadale,SIR-Huguenot,4763.705104
SIR-Arthur Kill,SIR-Atlantic,4763.705104
SIR-Atlantic,SIR-Tottenville,4763.705104
SIR-Bay Terrace,SIR-Great Kills,4763.705104
SIR-Clifton,SIR-Grasmere,4763.705104
SIR-Dongan Hills,SIR-Jefferson Avenue,4763.705104
SIR-Eltingville,SIR-Annadale,4763.705104
SIR-Grant City,SIR-New Dorp,4763.705104
SIR-Grasmere,SIR-Old Town,4763.705104
SIR-Great Kills,SIR-Eltingville,4763.705104
SIR-Huguenot,SIR-Prince's Bay,4763.705104
SIR-Jefferson Avenue,SIR-Grant City,4763.705104
SIR-Nassau,SIR-Arthur Kill,4763.705104
SIR-New Dorp,SIR-Oakwood Heights,4763.705104
SIR-Oakwood Heights,SIR-Bay Terrace,4763.705104
SIR-Old Town,SIR-Dongan Hills,4763.705104
SIR-Pleasant Plains,SIR-Richmond Valley,4763.705104
SIR-Prince's Bay,SIR-Pleasant Plains,4763.705104
SIR-Richmond Valley,SIR-Nassau,4763.705104
SIR-Stapleton,SIR-Clifton,4763.705104
SIR-St. George Terminal,SIR-Tompkinsville,4763.705104
SIR-Tompkinsville,SIR-Stapleton,4763.705104
W-14th Street–Union Square,4-14th Street–Union Square,120000
W-14th Street–Union Square,5-14th Street–Union Square,120000
W-14th Street–Union Square,6-14th Street–Union Square,120000
W-14th Street–Union Square,L-Union Square,120000
W-14th Street–Union Square,N-14th Street–Union Square,120000
W-14th Street–Union Square,Q-14th Street–Union Square,120000
W-14th Street–Union Square,R-14th Street–Union Square,120000
W-14th Street–Union Square,W-Eighth Street–New York University,4536.862004
W-23rd Street,W-14th Street–Union Square,4536.862004
W-28th Street,W-23rd Street,4536.862004
W-30th Avenue,W-Broadway,4536.862004
W-34th Street–Herald Square,B-34th Street–Herald Square,120000
W-34th Street–Herald Square,D-34th Street–Herald Square,120000
W-34th Street–Herald Square,F-34th Street–Herald Square,120000
W-34th Street–Herald Square,M-34th Street–Herald Square,120000
W-34th Street–Herald Square,N-34th Street–Herald Square,120000
W-34th Street–Herald Square,Q-34th Street–Herald Square,120000
W-34th Street–Herald Square,R-34th Street–Herald Square,120000
W-34th Street–Herald Square,W-28th Street,4536.862004
W-36th Avenue,W-39th Avenue,4536.862004
W-39th Avenue,W-Queensboro Plaza,4536.862004
W-49th Street,W-Times Square–42nd Street,4536.862004
W-57th Street–Seventh Avenue,W-49th Street,4536.862004
W-Astoria Boulevard,W-30th Avenue,4536.862004
W-Astoria–Ditmars Boulevard,W-Astoria Boulevard,4536.862004
W-Broadway,W-36th Avenue,4536.862004
W-Canal Street,W-City Hall,4536.862004
W-City Hall,W-Cortlandt Street,4536.862004
W-Cortlandt Street,W-Rector Street,4536.862004
W-Eighth Street–New York University,W-Prince Street,4536.862004
W-Fifth Avenue–59th Street,W-57th Street–Seventh Avenue,4536.862004
W-Lexington Avenue/59th Street,A-145th Street,120000
W-Lexington Avenue/59th Street,C-145th Street,120000
W-Lexington Avenue/59th Street,F-59th Street,120000
W-Lexington Avenue/59th Street,F-Lexington Avenue–63rd Street,120000
W-Lexington Avenue/59th Street,N-Lexington Avenue/59th Street,120000
W-Lexington Avenue/59th Street,R-Lexington Avenue/59th Street,120000
W-Lexington Avenue/59th Street,W-Fifth Avenue–59th Street,4536.862004
W-Prince Street,W-Canal Street,4536.862004
W-Queensboro Plaza,W-Lexington Avenue/59th Street,4536.862004
W-Rector Street,W-Whitehall Street–South Ferry,4536.862004
W-Times Square–42nd Street,1-Times Square–42nd Street,120000
W-Times Square–42nd Street,2-Times Square–42nd Street,120000
W-Times Square–42nd Street,3-Times Square–42nd Street,120000
W-Times Square–42nd Street,7-Times Square,120000
W-Times Square–42nd Street,A-42nd Street–Port Authority Bus Terminal,120000
W-Times Square–42nd Street,C-42nd Street–Port Authority Bus Terminal,120000
W-Times Square–42nd Street,E-42nd Street–Port Authority Bus Terminal,120000
W-Times Square–42nd Street,N-Times Square–42nd Street,120000
W-Times Square–42nd Street,Q-Times Square–42nd Street,120000
W-Times Square–42nd Street,R-Times Square–42nd Street,120000
W-Times Square–42nd Street,W-34th Street–Herald Square,4536.862004
Z-104th Street,Z-Woodhaven Boulevard,3466.666667
Z-111th Street,Z-104th Street,3466.666667
Z-121st Street,Z-111th Street,3466.666667
Z-75th Street–Elderts Lane,Z-Cypress Hills,3466.666667
Z-85th Street Forest Parkway,Z-75th Street–Elderts Lane,3466.666667
Z-Alabama Avenue,Z-Broadway Junction,3466.666667
Z-Bowery,Z-Canal Street,3466.666667
Z-Broadway Junction,A-Broadway Junction,120000
Z-Broadway Junction,C-Broadway Junction,120000
Z-Broadway Junction,Z-Chauncey Street,3466.666667
Z-Canal Street,4-Canal Street,120000
Z-Canal Street,6-Canal Street,120000
Z-Canal Street,N- (lower level – express),120000
Z-Canal Street,N- (upper level – local),120000
Z-Canal Street,Q- (lower level – express),120000
Z-Canal Street,R- (upper level – local),120000
Z-Canal Street,W- (upper level – local),120000
Z-Canal Street,Z-Chambers Street,3466.666667
Z-Chambers Street,4-Brooklyn Bridge–City Hall,120000
Z-Chambers Street,5-Brooklyn Bridge–City Hall,120000
Z-Chambers Street,6-Brooklyn Bridge–City Hall,120000
Z-Chambers Street,Z-Fulton Street,3466.666667
Z-Chauncey Street,Z-Halsey Street,3466.666667
Z-Cleveland Street,Z-Van Siclen Avenue,3466.666667
Z-Crescent Street,Z-Norwood Avenue,3466.666667
Z-Cypress Hills,Z-Crescent Street,3466.666667
Z-Essex Street,F-Delancey Street,120000
Z-Essex Street,M-Essex Street,120000
Z-Essex Street,Z-Bowery,3466.666667
Z-Flushing Avenue,Z-Lorimer Street,3466.666667
Z-Fulton Street,2-Fulton Street,120000
Z-Fulton Street,3-Fulton Street,120000
Z-Fulton Street,4-Fulton Street,120000
Z-Fulton Street,5-Fulton Street,120000
Z-Fulton Street,A-Fulton Street,120000
Z-Fulton Street,C-Fulton Street,120000
Z-Fulton Street,Z-Broad Street,3466.666667
Z-Gates Avenue,Z-Kosciuszko Street,3466.666667
Z-Halsey Street,Z-Gates Avenue,3466.666667
Z-Hewes Street,Z-Marcy Avenue,3466.666667
Z-Jamaica Center Parsons/Archer,Z-Sutphin Boulevard Archer Avenue JFK Airport,3466.666667
Z-Kosciuszko Street,Z-Myrtle Avenue,3466.666667
Z-Lorimer Street,Z-Hewes Street,3466.666667
Z-Marcy Avenue,Z-Essex Street,3466.666667
Z-Myrtle Avenue,Z-Flushing Avenue,3466.666667
Z-Norwood Avenue,Z-Cleveland Street,3466.666667
Z-Sutphin Boulevard Archer Avenue– FK Airport,Z-121st Street,3466.666667
Z-Van Siclen Avenue,Z-Alabama Avenue,3466.666667
Z-Woodhaven Boulevard,Z-85th Street Forest Parkway,3466.666667
